date,formula,direction,entry,exit,pnl_pts,reason,gap,avg_amp
2022-03-01,01_瞬間決策_淡化,short,17756.0,17796.0,-42.0,stop,115.0,199.45
2022-03-03,01_瞬間決策_淡化,short,17942.0,17929.0,11.0,time,186.0,187.05
2022-03-04,01_瞬間決策_淡化,long,17608.0,17568.0,-42.0,stop,-323.0,189.3
2022-03-07,01_瞬間決策_淡化,long,17362.0,17322.0,-42.0,stop,-425.0,199.5
2022-03-08,01_瞬間決策_淡化,long,16840.0,16800.0,-42.0,stop,-721.0,207.3
2022-03-09,01_瞬間決策_淡化,short,16890.0,16930.0,-42.0,stop,170.0,208.95
2022-03-10,01_瞬間決策_淡化,short,17301.0,17341.0,-42.0,stop,457.0,212.35
2022-03-11,01_瞬間決策_淡化,short,17372.0,17220.0,150.0,time,113.0,212.85
2022-03-16,01_瞬間決策_淡化,long,16984.0,16944.0,-42.0,stop,-169.0,227.7
2022-03-17,01_瞬間決策_淡化,short,17339.0,17379.0,-42.0,stop,245.0,232.65
2022-03-18,01_瞬間決策_淡化,short,17441.0,17391.0,48.0,time,131.0,232.0
2022-03-23,01_瞬間決策_淡化,short,17644.0,17684.0,-42.0,stop,110.0,210.55
2022-03-25,01_瞬間決策_淡化,short,17720.0,17621.0,97.0,time,142.0,200.85
2022-03-28,01_瞬間決策_淡化,long,17512.0,17472.0,-42.0,stop,-243.0,202.25
2022-03-30,01_瞬間決策_淡化,short,17671.0,17711.0,-42.0,stop,108.0,192.4
2022-04-01,01_瞬間決策_淡化,long,17466.0,17426.0,-42.0,stop,-215.0,189.35
2022-04-07,01_瞬間決策_淡化,long,17333.0,17293.0,-42.0,stop,-187.0,175.75
2022-04-08,01_瞬間決策_淡化,long,17200.0,17316.0,114.0,time,-202.0,175.3
2022-04-12,01_瞬間決策_淡化,long,16960.0,16920.0,-42.0,stop,-269.0,179.3
2022-04-13,01_瞬間決策_淡化,short,17080.0,17120.0,-42.0,stop,113.0,181.8
2022-04-14,01_瞬間決策_淡化,short,17349.0,17298.0,49.0,time,317.0,169.15
2022-04-15,01_瞬間決策_淡化,long,17102.0,17062.0,-42.0,stop,-228.0,164.05
2022-04-18,01_瞬間決策_淡化,long,16908.0,16868.0,-42.0,stop,-223.0,162.75
2022-04-21,01_瞬間決策_淡化,short,17180.0,17220.0,-42.0,stop,78.0,163.55
2022-04-22,01_瞬間決策_淡化,long,16862.0,16992.0,128.0,time,-288.0,166.1
2022-04-25,01_瞬間決策_淡化,long,16686.0,16646.0,-42.0,stop,-267.0,170.45
2022-04-27,01_瞬間決策_淡化,long,16221.0,16181.0,-42.0,stop,-437.0,168.55
2022-04-28,01_瞬間決策_淡化,short,16317.0,16357.0,-42.0,stop,112.0,173.7
2022-04-29,01_瞬間決策_淡化,short,16555.0,16595.0,-42.0,stop,259.0,175.85
2022-05-03,01_瞬間決策_淡化,long,16487.0,16447.0,-42.0,stop,-103.0,175.1
2022-05-04,01_瞬間決策_淡化,short,16505.0,16545.0,-42.0,stop,103.0,172.45
2022-05-05,01_瞬間決策_淡化,short,16753.0,16684.0,67.0,time,286.0,169.95
2022-05-06,01_瞬間決策_淡化,long,16310.0,16270.0,-42.0,stop,-440.0,162.45
2022-05-09,01_瞬間決策_淡化,long,16156.0,16116.0,-42.0,stop,-195.0,163.95
2022-05-10,01_瞬間決策_淡化,long,15809.0,15769.0,-42.0,stop,-506.0,163.6
2022-05-11,01_瞬間決策_淡化,short,15989.0,16029.0,-42.0,stop,136.0,163.05
2022-05-12,01_瞬間決策_淡化,long,15801.0,15761.0,-42.0,stop,-166.0,164.65
2022-05-16,01_瞬間決策_淡化,short,15996.0,16036.0,-42.0,stop,313.0,167.15
2022-05-17,01_瞬間決策_淡化,long,15916.0,16025.0,107.0,time,-80.0,164.45
2022-05-18,01_瞬間決策_淡化,short,16138.0,16178.0,-42.0,stop,219.0,164.2
2022-05-19,01_瞬間決策_淡化,long,15871.0,15831.0,-42.0,stop,-313.0,164.9
2022-05-20,01_瞬間決策_淡化,short,16069.0,16109.0,-42.0,stop,167.0,164.9
2022-05-23,01_瞬間決策_淡化,short,16220.0,16260.0,-42.0,stop,221.0,165.45
2022-05-25,01_瞬間決策_淡化,long,15996.0,16060.0,62.0,time,-242.0,168.65
2022-05-26,01_瞬間決策_淡化,short,16153.0,15946.3,204.70000000000073,target,168.0,172.25
2022-05-30,01_瞬間決策_淡化,short,16400.0,16440.0,-42.0,stop,260.0,172.35
2022-05-31,01_瞬間決策_淡化,short,16492.0,16532.0,-42.0,stop,114.0,178.35
2022-06-01,01_瞬間決策_淡化,short,16647.0,16687.0,-42.0,stop,137.0,181.5
2022-06-07,01_瞬間決策_淡化,long,16520.0,16480.0,-42.0,stop,-163.0,181.5
2022-06-10,01_瞬間決策_淡化,long,16380.0,16471.0,89.0,time,-188.0,161.9
2022-06-13,01_瞬間決策_淡化,long,16115.0,16075.0,-42.0,stop,-292.0,162.7
2022-06-14,01_瞬間決策_淡化,long,15500.0,15460.0,-42.0,stop,-760.0,162.85
2022-06-15,01_瞬間決策_淡化,long,15600.0,15560.0,-42.0,stop,-227.0,163.0
2022-06-16,01_瞬間決策_淡化,long,15751.0,15711.0,-42.0,stop,-303.0,177.9
2022-06-17,01_瞬間決策_淡化,long,15196.0,15156.0,-42.0,stop,-499.0,178.8
2022-06-22,01_瞬間決策_淡化,short,15316.0,15084.28,229.71999999999935,target,154.0,193.1
2022-06-23,01_瞬間決策_淡化,long,15059.0,15019.0,-42.0,stop,-340.0,201.25
2022-06-24,01_瞬間決策_淡化,long,15006.0,14966.0,-42.0,stop,-87.0,197.6
2022-06-27,01_瞬間決策_淡化,short,15205.0,15245.0,-42.0,stop,207.0,200.3
2022-06-28,01_瞬間決策_淡化,short,15299.0,15192.0,105.0,time,90.0,201.05
2022-06-29,01_瞬間決策_淡化,long,15020.0,14980.0,-42.0,stop,-238.0,194.95
2022-06-30,01_瞬間決策_淡化,long,14931.0,14891.0,-42.0,stop,-123.0,203.55
2022-07-01,01_瞬間決策_淡化,long,14656.0,14616.0,-42.0,stop,-323.0,226.55
2022-07-04,01_瞬間決策_淡化,long,14236.0,14196.0,-42.0,stop,-441.0,231.65
2022-07-05,01_瞬間決策_淡化,short,14350.0,14390.0,-42.0,stop,90.0,248.15
2022-07-07,01_瞬間決策_淡化,long,14068.0,14028.0,-42.0,stop,-184.0,279.35
2022-07-08,01_瞬間決策_淡化,short,14390.0,14430.0,-42.0,stop,363.0,283.6
2022-07-12,01_瞬間決策_淡化,long,14157.0,14117.0,-42.0,stop,-294.0,297.15
2022-07-15,01_瞬間決策_淡化,short,14422.0,14462.0,-42.0,stop,114.0,295.15
2022-07-18,01_瞬間決策_淡化,short,14577.0,14617.0,-42.0,stop,107.0,288.45
2022-07-19,01_瞬間決策_淡化,long,14429.0,14528.0,97.0,time,-143.0,283.6
2022-07-20,01_瞬間決策_淡化,short,14717.0,14616.0,99.0,time,159.0,275.7
2022-07-21,01_瞬間決策_淡化,long,14600.0,14748.0,146.0,time,-235.0,268.55
2022-07-22,01_瞬間決策_淡化,short,14796.0,14836.0,-42.0,stop,192.0,265.55
2022-07-27,01_瞬間決策_淡化,long,14670.0,14630.0,-42.0,stop,-141.0,262.5
2022-07-28,01_瞬間決策_淡化,short,14922.0,14831.0,89.0,time,282.0,253.9
2022-08-02,01_瞬間決策_淡化,long,14767.0,14727.0,-42.0,stop,-200.0,210.35
2022-08-03,01_瞬間決策_淡化,long,14627.0,14669.0,40.0,time,-182.0,197.95
2022-08-05,01_瞬間決策_淡化,short,14780.0,14820.0,-42.0,stop,82.0,188.95
2022-08-08,01_瞬間決策_淡化,short,14937.0,14977.0,-42.0,stop,214.0,180.55
2022-08-09,01_瞬間決策_淡化,long,14894.0,14854.0,-42.0,stop,-66.0,174.6
2022-08-11,01_瞬間決策_淡化,short,15115.0,15155.0,-42.0,stop,204.0,161.75
2022-08-12,01_瞬間決策_淡化,short,15229.0,15269.0,-42.0,stop,150.0,156.75
2022-08-15,01_瞬間決策_淡化,short,15369.0,15409.0,-42.0,stop,133.0,156.3
2022-08-16,01_瞬間決策_淡化,long,15339.0,15366.0,25.0,time,-56.0,151.7
2022-08-17,01_瞬間決策_淡化,long,15335.0,15379.0,42.0,time,-75.0,146.25
2022-08-18,01_瞬間決策_淡化,long,15250.0,15315.0,63.0,time,-168.0,141.4
2022-08-22,01_瞬間決策_淡化,long,15171.0,15175.0,2.0,time,-161.0,138.65
2022-08-23,01_瞬間決策_淡化,long,15059.0,15028.0,-33.0,time,-166.0,136.1
2022-08-26,01_瞬間決策_淡化,short,15271.0,15311.0,-42.0,stop,167.0,129.3
2022-08-29,01_瞬間決策_淡化,long,14832.0,14792.0,-42.0,stop,-459.0,129.3
2022-08-30,01_瞬間決策_淡化,long,14850.0,14948.0,96.0,time,-82.0,127.7
2022-09-02,01_瞬間決策_淡化,long,14776.0,14736.0,-42.0,stop,-163.0,127.75
2022-09-05,01_瞬間決策_淡化,long,14590.0,14611.0,19.0,time,-220.0,130.7
2022-09-06,01_瞬間決策_淡化,short,14720.0,14760.0,-42.0,stop,155.0,130.85
2022-09-07,01_瞬間決策_淡化,long,14445.0,14405.0,-42.0,stop,-195.0,131.4
2022-09-08,01_瞬間決策_淡化,long,14459.0,14419.0,-42.0,stop,-81.0,134.65
2022-09-12,01_瞬間決策_淡化,short,14775.0,14815.0,-42.0,stop,286.0,133.85
2022-09-13,01_瞬間決策_淡化,short,14884.0,14924.0,-42.0,stop,290.0,132.8
2022-09-14,01_瞬間決策_淡化,long,14458.0,14625.76,165.76000000000022,target,-434.0,139.8
2022-09-15,01_瞬間決策_淡化,short,14578.0,14618.0,-42.0,stop,107.0,144.05
2022-09-16,01_瞬間決策_淡化,long,14500.0,14483.0,-19.0,time,-128.0,142.1
2022-09-21,01_瞬間決策_淡化,long,14460.0,14420.0,-42.0,stop,-63.0,144.95
2022-09-22,01_瞬間決策_淡化,long,14225.0,14185.0,-42.0,stop,-260.0,146.4
2022-09-26,01_瞬間決策_淡化,long,13916.0,13876.0,-42.0,stop,-294.0,155.75
2022-09-27,01_瞬間決策_淡化,long,13843.0,13803.0,-42.0,stop,-144.0,155.25
2022-09-29,01_瞬間決策_淡化,long,13658.0,13618.0,-42.0,stop,-133.0,161.95
2022-09-30,01_瞬間決策_淡化,long,13356.0,13316.0,-42.0,stop,-314.0,161.6
2022-10-03,01_瞬間決策_淡化,long,13248.0,13443.78,193.78000000000065,target,-76.0,163.15
2022-10-04,01_瞬間決策_淡化,short,13530.0,13570.0,-42.0,stop,224.0,161.55
2022-10-05,01_瞬間決策_淡化,short,13740.0,13780.0,-42.0,stop,264.0,158.95
2022-10-06,01_瞬間決策_淡化,short,13932.0,13869.0,61.0,time,103.0,159.9
2022-10-11,01_瞬間決策_淡化,long,13251.0,13211.0,-42.0,stop,-502.0,164.65
2022-10-12,01_瞬間決策_淡化,long,13049.0,13009.0,-42.0,stop,-362.0,167.85
2022-10-14,01_瞬間決策_淡化,short,13150.0,13190.0,-42.0,stop,99.0,173.05
2022-10-17,01_瞬間決策_淡化,long,12964.0,12924.0,-42.0,stop,-193.0,179.35
2022-10-18,01_瞬間決策_淡化,short,13141.0,13077.0,62.0,time,258.0,180.15
2022-10-20,01_瞬間決策_淡化,long,12815.0,12775.0,-42.0,stop,-264.0,193.45
2022-10-24,01_瞬間決策_淡化,short,13100.0,12882.0,216.0,time,150.0,197.5
2022-10-25,01_瞬間決策_淡化,long,12895.0,12855.0,-42.0,stop,-127.0,201.55
2022-10-26,01_瞬間決策_淡化,long,12722.0,12682.0,-42.0,stop,-186.0,203.7
2022-10-27,01_瞬間決策_淡化,short,12883.0,12923.0,-42.0,stop,69.0,190.85
2022-11-02,01_瞬間決策_淡化,short,13033.0,13073.0,-42.0,stop,127.0,184.05
2022-11-03,01_瞬間決策_淡化,long,12883.0,12958.0,73.0,time,-123.0,182.35
2022-11-07,01_瞬間決策_淡化,short,13156.0,13196.0,-42.0,stop,263.0,186.35
2022-11-08,01_瞬間決策_淡化,short,13312.0,13352.0,-42.0,stop,126.0,180.15
2022-11-09,01_瞬間決策_淡化,short,13467.0,13507.0,-42.0,stop,177.0,180.65
2022-11-10,01_瞬間決策_淡化,short,13543.0,13477.0,64.0,time,86.0,171.85
2022-11-11,01_瞬間決策_淡化,short,13965.0,14005.0,-42.0,stop,479.0,171.4
2022-11-14,01_瞬間決策_淡化,short,14159.0,14127.0,30.0,time,195.0,167.75
2022-11-15,01_瞬間決策_淡化,long,14150.0,14361.08,209.07999999999993,target,-62.0,175.9
2022-11-16,01_瞬間決策_淡化,short,14537.0,14577.0,-42.0,stop,405.0,175.0
2022-11-17,01_瞬間決策_淡化,long,14471.0,14431.0,-42.0,stop,-229.0,171.7
2022-11-18,01_瞬間決策_淡化,short,14551.0,14591.0,-42.0,stop,120.0,176.2
2022-11-22,01_瞬間決策_淡化,long,14457.0,14417.0,-42.0,stop,-76.0,161.95
2022-11-23,01_瞬間決策_淡化,short,14615.0,14600.0,13.0,time,177.0,158.45
2022-11-24,01_瞬間決策_淡化,short,14690.0,14730.0,-42.0,stop,82.0,159.8
2022-11-25,01_瞬間決策_淡化,short,14769.0,14703.0,64.0,time,104.0,156.05
2022-11-28,01_瞬間決策_淡化,long,14550.0,14510.0,-42.0,stop,-237.0,155.75
2022-11-29,01_瞬間決策_淡化,long,14470.0,14662.06,190.0599999999995,target,-159.0,160.05
2022-11-30,01_瞬間決策_淡化,short,14640.0,14680.0,-42.0,stop,220.0,166.6
2022-12-01,01_瞬間決策_淡化,short,15030.0,15070.0,-42.0,stop,414.0,169.75
2022-12-02,01_瞬間決策_淡化,long,14860.0,14886.0,24.0,time,-155.0,166.15
2022-12-07,01_瞬間決策_淡化,long,14603.0,14623.0,18.0,time,-234.0,173.05
2022-12-14,01_瞬間決策_淡化,long,14609.0,14710.0,99.0,time,-73.0,167.65
2022-12-15,01_瞬間決策_淡化,short,14658.0,14698.0,-42.0,stop,58.0,165.4
2022-12-16,01_瞬間決策_淡化,long,14440.0,14461.0,19.0,time,-176.0,160.15
2022-12-21,01_瞬間決策_淡化,long,14172.0,14132.0,-42.0,stop,-199.0,168.6
2022-12-22,01_瞬間決策_淡化,short,14311.0,14351.0,-42.0,stop,94.0,167.5
2022-12-23,01_瞬間決策_淡化,long,14168.0,14128.0,-42.0,stop,-139.0,168.35
2022-12-27,01_瞬間決策_淡化,short,14295.0,14335.0,-42.0,stop,83.0,157.05
2022-12-28,01_瞬間決策_淡化,long,14190.0,14150.0,-42.0,stop,-56.0,152.35
2022-12-29,01_瞬間決策_淡化,long,13960.0,14032.0,70.0,time,-279.0,149.45
2022-12-30,01_瞬間決策_淡化,short,14193.0,14134.0,57.0,time,206.0,147.9
2023-01-03,01_瞬間決策_淡化,long,14050.0,14010.0,-42.0,stop,-161.0,154.35
2023-01-04,01_瞬間決策_淡化,short,14205.0,14245.0,-42.0,stop,109.0,147.75
2023-01-05,01_瞬間決策_淡化,short,14324.0,14364.0,-42.0,stop,142.0,145.25
2023-01-06,01_瞬間決策_淡化,long,14278.0,14364.0,84.0,time,-52.0,143.8
2023-01-09,01_瞬間決策_淡化,short,14618.0,14658.0,-42.0,stop,381.0,145.7
2023-01-10,01_瞬間決策_淡化,short,14745.0,14785.0,-42.0,stop,158.0,142.15
2023-01-11,01_瞬間決策_淡化,short,14855.0,14792.0,61.0,time,79.0,139.5
2023-01-13,01_瞬間決策_淡化,short,15000.0,14831.04,166.95999999999913,target,143.0,140.8
2023-01-30,01_瞬間決策_淡化,short,15450.0,15490.0,-42.0,stop,526.0,128.8
2023-01-31,01_瞬間決策_淡化,short,15449.0,15289.1,157.89999999999964,target,401.0,133.25
2023-02-01,01_瞬間決策_淡化,long,15350.0,15310.0,-42.0,stop,-64.0,132.95
2023-02-02,01_瞬間決策_淡化,short,15549.0,15589.0,-42.0,stop,157.0,133.95
2023-02-03,01_瞬間決策_淡化,short,15581.0,15621.0,-42.0,stop,71.0,137.9
2023-02-06,01_瞬間決策_淡化,long,15504.0,15464.0,-42.0,stop,-110.0,137.9
2023-02-07,01_瞬間決策_淡化,long,15383.0,15396.0,11.0,time,-128.0,135.7
2023-02-08,01_瞬間決策_淡化,short,15475.0,15515.0,-42.0,stop,145.0,136.5
2023-02-09,01_瞬間決策_淡化,short,15549.0,15589.0,-42.0,stop,62.0,136.1
2023-02-10,01_瞬間決策_淡化,short,15596.0,15575.0,19.0,time,73.0,125.25
2023-02-13,01_瞬間決策_淡化,long,15510.0,15470.0,-42.0,stop,-93.0,126.55
2023-02-15,01_瞬間決策_淡化,long,15495.0,15455.0,-42.0,stop,-157.0,126.45
2023-02-16,01_瞬間決策_淡化,long,15458.0,15546.0,86.0,time,-262.0,124.45
2023-02-20,01_瞬間決策_淡化,long,15386.0,15538.16,150.15999999999985,target,-52.0,126.8
2023-02-21,01_瞬間決策_淡化,short,15486.0,15526.0,-42.0,stop,55.0,124.05
2023-02-22,01_瞬間決策_淡化,long,15353.0,15313.0,-42.0,stop,-149.0,119.8
2023-02-23,01_瞬間決策_淡化,short,15435.0,15475.0,-42.0,stop,64.0,126.55
2023-02-24,01_瞬間決策_淡化,short,15642.0,15682.0,-42.0,stop,273.0,131.2
2023-03-01,01_瞬間決策_淡化,long,15381.0,15341.0,-42.0,stop,-261.0,133.15
2023-03-02,01_瞬間決策_淡化,short,15596.0,15436.7,157.29999999999927,target,155.0,132.75
2023-03-03,01_瞬間決策_淡化,short,15612.0,15652.0,-42.0,stop,98.0,132.6
2023-03-06,01_瞬間決策_淡化,short,15730.0,15770.0,-42.0,stop,97.0,133.1
2023-03-07,01_瞬間決策_淡化,short,15786.0,15826.0,-42.0,stop,65.0,133.25
2023-03-09,01_瞬間決策_淡化,short,15855.0,15767.0,86.0,time,114.0,133.45
2023-03-10,01_瞬間決策_淡化,long,15618.0,15578.0,-42.0,stop,-248.0,134.55
2023-03-13,01_瞬間決策_淡化,long,15450.0,15410.0,-42.0,stop,-176.0,140.4
2023-03-14,01_瞬間決策_淡化,long,15330.0,15290.0,-42.0,stop,-74.0,141.7
2023-03-16,01_瞬間決策_淡化,long,15194.0,15154.0,-42.0,stop,-288.0,147.15
2023-03-17,01_瞬間決策_淡化,short,15310.0,15350.0,-42.0,stop,129.0,144.5
2023-03-20,01_瞬間決策_淡化,short,15454.0,15373.0,79.0,time,113.0,143.35
2023-03-21,01_瞬間決策_淡化,short,15464.0,15504.0,-42.0,stop,126.0,143.4
2023-03-22,01_瞬間決策_淡化,short,15589.0,15629.0,-42.0,stop,144.0,141.85
2023-03-23,01_瞬間決策_淡化,short,15695.0,15735.0,-42.0,stop,118.0,147.2
2023-03-24,01_瞬間決策_淡化,short,15878.0,15918.0,-42.0,stop,207.0,147.6
2023-03-28,01_瞬間決策_淡化,long,15814.0,15774.0,-42.0,stop,-66.0,142.25
2023-03-30,01_瞬間決策_淡化,short,15822.0,15862.0,-42.0,stop,127.0,133.75
2023-04-06,01_瞬間決策_淡化,long,15780.0,15740.0,-42.0,stop,-85.0,131.4
2023-04-07,01_瞬間決策_淡化,long,15850.0,15810.0,-42.0,stop,-69.0,127.9
2023-04-12,01_瞬間決策_淡化,short,15957.0,15926.0,29.0,time,139.0,125.9
2023-04-13,01_瞬間決策_淡化,long,15865.0,15825.0,-42.0,stop,-72.0,120.9
2023-04-19,01_瞬間決策_淡化,long,15876.0,15836.0,-42.0,stop,-87.0,117.35
2023-04-20,01_瞬間決策_淡化,long,15730.0,15690.0,-42.0,stop,-171.0,116.9
2023-04-24,01_瞬間決策_淡化,long,15545.0,15623.0,76.0,time,-213.0,118.9
2023-04-25,01_瞬間決策_淡化,short,15641.0,15491.72,147.28000000000065,target,53.0,124.4
2023-04-26,01_瞬間決策_淡化,long,15390.0,15350.0,-42.0,stop,-244.0,123.4
2023-04-28,01_瞬間決策_淡化,short,15515.0,15555.0,-42.0,stop,156.0,122.4
2023-05-02,01_瞬間決策_淡化,short,15628.0,15668.0,-42.0,stop,94.0,121.75
2023-05-03,01_瞬間決策_淡化,long,15559.0,15552.0,-9.0,time,-65.0,120.3
2023-05-04,01_瞬間決策_淡化,long,15496.0,15609.0,111.0,time,-46.0,121.5
2023-05-05,01_瞬間決策_淡化,short,15598.0,15638.0,-42.0,stop,101.0,122.9
2023-05-08,01_瞬間決策_淡化,short,15758.0,15723.0,33.0,time,183.0,122.8
2023-05-09,01_瞬間決策_淡化,long,15706.0,15666.0,-42.0,stop,-47.0,122.45
2023-05-12,01_瞬間決策_淡化,long,15450.0,15508.0,56.0,time,-191.0,127.4
2023-05-16,01_瞬間決策_淡化,short,15531.0,15571.0,-42.0,stop,81.0,127.55
2023-05-17,01_瞬間決策_淡化,short,15661.0,15701.0,-42.0,stop,72.0,135.2
2023-05-18,01_瞬間決策_淡化,short,16026.0,16066.0,-42.0,stop,320.0,134.5
2023-05-19,01_瞬間決策_淡化,short,16153.0,16129.0,22.0,time,143.0,133.35
2023-05-23,01_瞬間決策_淡化,short,16149.0,16189.0,-42.0,stop,46.0,128.4
2023-05-24,01_瞬間決策_淡化,long,16055.0,16015.0,-42.0,stop,-66.0,118.05
2023-05-25,01_瞬間決策_淡化,short,16132.0,16172.0,-42.0,stop,96.0,118.55
2023-05-26,01_瞬間決策_淡化,short,16362.0,16402.0,-42.0,stop,293.0,116.25
2023-05-29,01_瞬間決策_淡化,short,16607.0,16570.0,35.0,time,230.0,115.85
2023-05-30,01_瞬間決策_淡化,long,16550.0,16576.0,24.0,time,-57.0,114.4
2023-06-01,01_瞬間決策_淡化,long,16440.0,16470.0,28.0,time,-123.0,116.3
2023-06-02,01_瞬間決策_淡化,short,16577.0,16617.0,-42.0,stop,135.0,118.9
2023-06-05,01_瞬間決策_淡化,short,16750.0,16681.0,67.0,time,186.0,120.65
2023-06-06,01_瞬間決策_淡化,long,16687.0,16747.0,58.0,time,-75.0,121.25
2023-06-07,01_瞬間決策_淡化,short,16785.0,16825.0,-42.0,stop,86.0,122.2
2023-06-08,01_瞬間決策_淡化,short,16852.0,16703.32,146.6800000000003,target,64.0,123.9
2023-06-09,01_瞬間決策_淡化,long,16802.0,16888.0,84.0,time,-48.0,122.1
2023-06-12,01_瞬間決策_淡化,short,16954.0,16942.0,10.0,time,148.0,121.1
2023-06-13,01_瞬間決策_淡化,short,17088.0,17128.0,-42.0,stop,158.0,123.6
2023-06-14,01_瞬間決策_淡化,short,17199.0,17203.0,-6.0,time,115.0,116.25
2023-06-19,01_瞬間決策_淡化,long,17194.0,17255.0,59.0,time,-146.0,119.55
2023-06-20,01_瞬間決策_淡化,long,17021.0,16981.0,-42.0,stop,-199.0,119.85
2023-06-21,01_瞬間決策_淡化,long,16966.0,17001.0,33.0,time,-266.0,120.3
2023-06-26,01_瞬間決策_淡化,long,16851.0,16880.0,27.0,time,-311.0,119.6
2023-06-27,01_瞬間決策_淡化,long,16805.0,16765.0,-42.0,stop,-114.0,121.6
2023-06-30,01_瞬間決策_淡化,long,16718.0,16678.0,-42.0,stop,-87.0,129.6
2023-07-03,01_瞬間決策_淡化,short,16901.0,16941.0,-42.0,stop,164.0,131.85
2023-07-04,01_瞬間決策_淡化,short,17025.0,17065.0,-42.0,stop,160.0,129.9
2023-07-05,01_瞬間決策_淡化,short,17086.0,17005.0,79.0,time,67.0,130.7
2023-07-06,01_瞬間決策_淡化,long,16869.0,16829.0,-42.0,stop,-215.0,136.75
2023-07-07,01_瞬間決策_淡化,long,16566.0,16623.0,55.0,time,-335.0,138.35
2023-07-10,01_瞬間決策_淡化,short,16675.0,16715.0,-42.0,stop,96.0,137.95
2023-07-11,01_瞬間決策_淡化,short,16750.0,16790.0,-42.0,stop,79.0,139.8
2023-07-12,01_瞬間決策_淡化,short,16880.0,16920.0,-42.0,stop,176.0,141.2
2023-07-13,01_瞬間決策_淡化,short,17137.0,17177.0,-42.0,stop,224.0,141.5
2023-07-14,01_瞬間決策_淡化,short,17219.0,17259.0,-42.0,stop,125.0,144.75
2023-07-19,01_瞬間決策_淡化,long,17213.0,17173.0,-42.0,stop,-120.0,155.15
2023-07-20,01_瞬間決策_淡化,long,17020.0,17126.0,104.0,time,-251.0,155.3
2023-07-21,01_瞬間決策_淡化,long,16860.0,16820.0,-42.0,stop,-196.0,158.95
2023-07-24,01_瞬間決策_淡化,short,16947.0,16987.0,-42.0,stop,88.0,162.2
2023-07-25,01_瞬間決策_淡化,short,17091.0,17131.0,-42.0,stop,179.0,163.25
2023-07-26,01_瞬間決策_淡化,short,17206.0,17102.0,102.0,time,123.0,164.85
2023-07-27,01_瞬間決策_淡化,long,17183.0,17221.0,36.0,time,-65.0,158.0
2023-07-31,01_瞬間決策_淡化,short,17400.0,17196.3,201.70000000000073,target,246.0,169.75
2023-08-01,01_瞬間決策_淡化,long,17160.0,17120.0,-42.0,stop,-219.0,169.5
2023-08-07,01_瞬間決策_淡化,short,16859.0,16899.0,-42.0,stop,193.0,178.25
2023-08-08,01_瞬間決策_淡化,short,17020.0,16801.48,216.52000000000044,target,254.0,182.1
2023-08-09,01_瞬間決策_淡化,long,16815.0,16852.0,35.0,time,-210.0,182.85
2023-08-14,01_瞬間決策_淡化,long,16567.0,16527.0,-42.0,stop,-110.0,192.4
2023-08-15,01_瞬間決策_淡化,long,16456.0,16416.0,-42.0,stop,-106.0,192.6
2023-08-16,01_瞬間決策_淡化,long,16322.0,16282.0,-42.0,stop,-154.0,187.75
2023-08-17,01_瞬間決策_淡化,long,16261.0,16221.0,-42.0,stop,-74.0,191.05
2023-08-18,01_瞬間決策_淡化,short,16422.0,16462.0,-42.0,stop,105.0,195.5
2023-08-22,01_瞬間決策_淡化,short,16495.0,16401.0,92.0,time,123.0,193.0
2023-08-24,01_瞬間決策_淡化,short,16788.0,16759.0,27.0,time,414.0,192.15
2023-08-25,01_瞬間決策_淡化,long,16549.0,16509.0,-42.0,stop,-213.0,195.95
2023-08-28,01_瞬間決策_淡化,long,16468.0,16490.0,20.0,time,-75.0,192.1
2023-08-29,01_瞬間決策_淡化,short,16578.0,16618.0,-42.0,stop,115.0,182.7
2023-08-30,01_瞬間決策_淡化,short,16738.0,16778.0,-42.0,stop,165.0,180.45
2023-09-01,01_瞬間決策_淡化,long,16608.0,16651.0,41.0,time,-121.0,168.05
2023-09-04,01_瞬間決策_淡化,short,16646.0,16686.0,-42.0,stop,82.0,167.25
2023-09-05,01_瞬間決策_淡化,short,16736.0,16754.0,-20.0,time,119.0,156.7
2023-09-07,01_瞬間決策_淡化,long,16604.0,16564.0,-42.0,stop,-144.0,148.25
2023-09-08,01_瞬間決策_淡化,long,16490.0,16563.0,71.0,time,-119.0,144.85
2023-09-12,01_瞬間決策_淡化,long,16459.0,16419.0,-42.0,stop,-111.0,145.1
2023-09-13,01_瞬間決策_淡化,short,16570.0,16610.0,-42.0,stop,79.0,145.0
2023-09-14,01_瞬間決策_淡化,short,16676.0,16716.0,-42.0,stop,129.0,138.95
2023-09-15,01_瞬間決策_淡化,short,16848.0,16888.0,-42.0,stop,205.0,133.4
2023-09-18,01_瞬間決策_淡化,long,16757.0,16717.0,-42.0,stop,-72.0,130.75
2023-09-20,01_瞬間決策_淡化,long,16620.0,16580.0,-42.0,stop,-109.0,129.25
2023-09-21,01_瞬間決策_淡化,long,16479.0,16439.0,-42.0,stop,-132.0,133.0
2023-09-22,01_瞬間決策_淡化,long,16200.0,16345.0,143.0,time,-320.0,132.8
2023-09-25,01_瞬間決策_淡化,short,16352.0,16392.0,-42.0,stop,128.0,136.0
2023-09-26,01_瞬間決策_淡化,short,16400.0,16308.0,90.0,time,50.0,133.8
2023-09-27,01_瞬間決策_淡化,long,16246.0,16311.0,63.0,time,-220.0,134.85
2023-09-28,01_瞬間決策_淡化,short,16342.0,16382.0,-42.0,stop,108.0,135.4
2023-10-02,01_瞬間決策_淡化,short,16531.0,16571.0,-42.0,stop,206.0,134.35
2023-10-03,01_瞬間決策_淡化,short,16497.0,16537.0,-42.0,stop,69.0,132.85
2023-10-04,01_瞬間決策_淡化,long,16285.0,16245.0,-42.0,stop,-226.0,136.05
2023-10-06,01_瞬間決策_淡化,short,16476.0,16516.0,-42.0,stop,140.0,139.95
2023-10-11,01_瞬間決策_淡化,short,16829.0,16717.0,110.0,time,372.0,142.7
2023-10-12,01_瞬間決策_淡化,short,16768.0,16808.0,-42.0,stop,108.0,138.75
2023-10-16,01_瞬間決策_淡化,long,16661.0,16621.0,-42.0,stop,-75.0,131.6
2023-10-17,01_瞬間決策_淡化,short,16767.0,16672.0,93.0,time,117.0,129.65
2023-10-18,01_瞬間決策_淡化,long,16642.0,16602.0,-42.0,stop,-128.0,133.9
2023-10-19,01_瞬間決策_淡化,long,16365.0,16458.0,91.0,time,-303.0,135.6
2023-10-23,01_瞬間決策_淡化,long,16350.0,16310.0,-42.0,stop,-143.0,139.25
2023-10-25,01_瞬間決策_淡化,short,16370.0,16410.0,-42.0,stop,72.0,137.0
2023-10-26,01_瞬間決策_淡化,long,16144.0,16104.0,-42.0,stop,-249.0,136.3
2023-10-27,01_瞬間決策_淡化,long,16137.0,16151.0,12.0,time,-76.0,134.4
2023-10-31,01_瞬間決策_淡化,short,16180.0,16012.3,165.70000000000073,target,107.0,139.75
2023-11-01,01_瞬間決策_淡化,long,16099.0,16059.0,-42.0,stop,-101.0,141.55
2023-11-02,01_瞬間決策_淡化,short,16256.0,16296.0,-42.0,stop,195.0,141.75
2023-11-03,01_瞬間決策_淡化,short,16488.0,16528.0,-42.0,stop,285.0,140.45
2023-11-06,01_瞬間決策_淡化,short,16680.0,16720.0,-42.0,stop,175.0,136.75
2023-11-09,01_瞬間決策_淡化,long,16711.0,16763.0,50.0,time,-51.0,133.1
2023-11-10,01_瞬間決策_淡化,long,16664.0,16736.0,70.0,time,-65.0,134.8
2023-11-13,01_瞬間決策_淡化,short,16969.0,16876.0,91.0,time,254.0,138.25
2023-11-14,01_瞬間決策_淡化,long,16948.0,16968.0,18.0,time,-71.0,135.05
2023-11-15,01_瞬間決策_淡化,short,17190.0,17162.0,26.0,time,279.0,131.3
2023-11-20,01_瞬間決策_淡化,short,17227.0,17267.0,-42.0,stop,69.0,125.7
2023-11-21,01_瞬間決策_淡化,short,17281.0,17321.0,-42.0,stop,70.0,123.2
2023-11-23,01_瞬間決策_淡化,long,17275.0,17235.0,-42.0,stop,-56.0,119.2
2023-11-27,01_瞬間決策_淡化,long,17257.0,17217.0,-42.0,stop,-62.0,123.05
2023-11-28,01_瞬間決策_淡化,long,17215.0,17361.64,144.63999999999942,target,-79.0,122.2
2023-11-29,01_瞬間決策_淡化,short,17339.0,17379.0,-42.0,stop,118.0,121.9
2023-12-01,01_瞬間決策_淡化,long,17333.0,17293.0,-42.0,stop,-45.0,124.9
2023-12-04,01_瞬間決策_淡化,short,17465.0,17419.0,44.0,time,120.0,124.45
2023-12-05,01_瞬間決策_淡化,long,17285.0,17245.0,-42.0,stop,-208.0,124.45
2023-12-06,01_瞬間決策_淡化,short,17367.0,17407.0,-42.0,stop,48.0,124.3
2023-12-08,01_瞬間決策_淡化,short,17409.0,17449.0,-42.0,stop,97.0,124.8
2023-12-12,01_瞬間決策_淡化,short,17518.0,17464.0,52.0,time,96.0,125.4
2023-12-14,01_瞬間決策_淡化,short,17608.0,17648.0,-42.0,stop,120.0,123.4
2023-12-15,01_瞬間決策_淡化,short,17771.0,17674.0,95.0,time,204.0,123.5
2023-12-18,01_瞬間決策_淡化,long,17660.0,17620.0,-42.0,stop,-82.0,121.1
2023-12-19,01_瞬間決策_淡化,long,17589.0,17549.0,-42.0,stop,-50.0,119.55
2023-12-21,01_瞬間決策_淡化,long,17442.0,17529.0,85.0,time,-147.0,120.95
2023-12-22,01_瞬間決策_淡化,short,17563.0,17558.0,3.0,time,167.0,119.45
2023-12-26,01_瞬間決策_淡化,short,17651.0,17691.0,-42.0,stop,43.0,106.55
2023-12-27,01_瞬間決策_淡化,short,17755.0,17795.0,-42.0,stop,123.0,106.6
2023-12-28,01_瞬間決策_淡化,short,17850.0,17865.0,-17.0,time,101.0,103.65
2024-01-03,01_瞬間決策_淡化,long,17658.0,17618.0,-42.0,stop,-168.0,104.0
2024-01-04,01_瞬間決策_淡化,long,17525.0,17546.0,19.0,time,-149.0,101.55
2024-01-05,01_瞬間決策_淡化,short,17577.0,17617.0,-42.0,stop,41.0,102.8
2024-01-09,01_瞬間決策_淡化,short,17770.0,17635.84,132.15999999999985,target,223.0,111.8
2024-01-10,01_瞬間決策_淡化,long,17509.0,17469.0,-42.0,stop,-258.0,110.0
2024-01-15,01_瞬間決策_淡化,short,17580.0,17620.0,-42.0,stop,95.0,114.2
2024-01-17,01_瞬間決策_淡化,long,17329.0,17289.0,-42.0,stop,-243.0,119.85
2024-01-18,01_瞬間決策_淡化,long,17240.0,17280.0,38.0,time,-88.0,121.15
2024-01-19,01_瞬間決策_淡化,short,17541.0,17581.0,-42.0,stop,316.0,123.65
2024-01-22,01_瞬間決策_淡化,short,17816.0,17817.0,-3.0,time,301.0,125.7
2024-01-24,01_瞬間決策_淡化,short,17903.0,17903.0,-2.0,time,116.0,125.05
2024-01-25,01_瞬間決策_淡化,short,18016.0,17995.0,19.0,time,90.0,122.95
2024-01-26,01_瞬間決策_淡化,long,17951.0,17999.0,46.0,time,-61.0,124.0
2024-01-30,01_瞬間決策_淡化,short,18129.0,18081.0,46.0,time,111.0,123.95
2024-01-31,01_瞬間決策_淡化,long,17990.0,17950.0,-42.0,stop,-125.0,120.9
2024-02-01,01_瞬間決策_淡化,long,17956.0,17916.0,-42.0,stop,-85.0,123.6
2024-02-02,01_瞬間決策_淡化,short,18100.0,18084.0,14.0,time,202.0,120.95
2024-02-05,01_瞬間決策_淡化,long,18008.0,17968.0,-42.0,stop,-46.0,121.25
2024-02-15,01_瞬間決策_淡化,short,18590.0,18630.0,-42.0,stop,532.0,116.7
2024-02-16,01_瞬間決策_淡化,short,18683.0,18723.0,-42.0,stop,579.0,117.25
2024-02-21,01_瞬間決策_淡化,short,18755.0,18692.0,61.0,time,99.0,113.8
2024-02-22,01_瞬間決策_淡化,short,18887.0,18752.0,133.0,target,131.0,112.5
2024-02-23,01_瞬間決策_淡化,short,18990.0,18913.0,75.0,time,275.0,110.2
2024-02-26,01_瞬間決策_淡化,long,18907.0,18867.0,-42.0,stop,-96.0,111.8
2024-02-29,01_瞬間決策_淡化,long,18808.0,18953.32,143.3199999999997,target,-160.0,121.1
2024-03-01,01_瞬間決策_淡化,short,18968.0,19008.0,-42.0,stop,87.0,121.4
2024-03-04,01_瞬間決策_淡化,short,19144.0,19184.0,-42.0,stop,190.0,128.3
2024-03-05,01_瞬間決策_淡化,short,19362.0,19402.0,-42.0,stop,238.0,130.1
2024-03-06,01_瞬間決策_淡化,long,19282.0,19448.02,164.02000000000044,target,-95.0,138.35
2024-03-07,01_瞬間決策_淡化,short,19688.0,19728.0,-42.0,stop,421.0,139.4
2024-03-08,01_瞬間決策_淡化,short,19930.0,19970.0,-42.0,stop,235.0,154.2
2024-03-11,01_瞬間決策_淡化,long,19691.0,19715.0,22.0,time,-258.0,156.55
2024-03-13,01_瞬間決策_淡化,short,19994.0,20034.0,-42.0,stop,316.0,168.65
2024-03-14,01_瞬間決策_淡化,long,19897.0,19857.0,-42.0,stop,-94.0,170.4
2024-03-18,01_瞬間決策_淡化,long,19778.0,19919.0,139.0,time,-81.0,173.65
2024-03-19,01_瞬間決策_淡化,short,19845.0,19885.0,-42.0,stop,91.0,178.35
2024-03-21,01_瞬間決策_淡化,short,20048.0,20088.0,-42.0,stop,191.0,187.3
2024-03-22,01_瞬間決策_淡化,short,20226.0,20266.0,-42.0,stop,244.0,188.5
2024-03-28,01_瞬間決策_淡化,short,20238.0,20203.0,33.0,time,98.0,195.6
2024-04-01,01_瞬間決策_淡化,short,20393.0,20288.0,103.0,time,182.0,193.2
2024-04-09,01_瞬間決策_淡化,short,20538.0,20578.0,-42.0,stop,85.0,187.3
2024-04-10,01_瞬間決策_淡化,short,20822.0,20862.0,-42.0,stop,317.0,184.4
2024-04-11,01_瞬間決策_淡化,long,20706.0,20666.0,-42.0,stop,-116.0,177.15
2024-04-15,01_瞬間決策_淡化,long,20544.0,20504.0,-42.0,stop,-224.0,172.9
2024-04-16,01_瞬間決策_淡化,long,20334.0,20294.0,-42.0,stop,-158.0,190.4
2024-04-17,01_瞬間決策_淡化,long,19979.0,20214.32,233.3199999999997,target,-311.0,196.1
2024-04-18,01_瞬間決策_淡化,short,20070.0,20110.0,-42.0,stop,146.0,204.45
2024-04-19,01_瞬間決策_淡化,long,19840.0,19800.0,-42.0,stop,-179.0,228.5
2024-04-22,01_瞬間決策_淡化,long,19620.0,19580.0,-42.0,stop,-378.0,230.25
2024-04-24,01_瞬間決策_淡化,short,19930.0,19970.0,-42.0,stop,246.0,240.0
2024-04-26,01_瞬間決策_淡化,short,20126.0,20166.0,-42.0,stop,156.0,229.25
2024-04-29,01_瞬間決策_淡化,short,20350.0,20390.0,-42.0,stop,220.0,233.3
2024-04-30,01_瞬間決策_淡化,short,20518.0,20558.0,-42.0,stop,266.0,236.55
2024-05-02,01_瞬間決策_淡化,long,20250.0,20291.0,39.0,time,-255.0,237.75
2024-05-03,01_瞬間決策_淡化,short,20548.0,20588.0,-42.0,stop,277.0,243.6
2024-05-06,01_瞬間決策_淡化,short,20685.0,20602.0,81.0,time,172.0,244.0
2024-05-08,01_瞬間決策_淡化,long,20618.0,20578.0,-42.0,stop,-125.0,238.0
2024-05-13,01_瞬間決策_淡化,short,20942.0,20883.0,57.0,time,242.0,246.7
2024-05-15,01_瞬間決策_淡化,short,21192.0,21232.0,-42.0,stop,309.0,234.7
2024-05-16,01_瞬間決策_淡化,short,21465.0,21505.0,-42.0,stop,295.0,231.85
2024-05-17,01_瞬間決策_淡化,long,21303.0,21336.0,31.0,time,-150.0,221.1
2024-05-20,01_瞬間決策_淡化,short,21435.0,21475.0,-42.0,stop,150.0,204.75
2024-05-23,01_瞬間決策_淡化,short,21630.0,21604.0,24.0,time,319.0,201.6
2024-05-24,01_瞬間決策_淡化,long,21448.0,21565.0,115.0,time,-101.0,204.5
2024-05-27,01_瞬間決策_淡化,short,21670.0,21710.0,-42.0,stop,249.0,207.55
2024-05-28,01_瞬間決策_淡化,short,21892.0,21932.0,-42.0,stop,237.0,202.5
2024-05-30,01_瞬間決策_淡化,long,21512.0,21472.0,-42.0,stop,-407.0,204.25
2024-06-03,01_瞬間決策_淡化,long,21469.0,21429.0,-42.0,stop,-94.0,212.3
2024-06-04,01_瞬間決策_淡化,short,21560.0,21301.04,256.9599999999991,target,207.0,215.8
2024-06-05,01_瞬間決策_淡化,long,21350.0,21310.0,-42.0,stop,-209.0,220.95
2024-06-06,01_瞬間決策_淡化,short,21825.0,21865.0,-42.0,stop,523.0,221.6
2024-06-11,01_瞬間決策_淡化,short,21920.0,21960.0,-42.0,stop,106.0,220.1
2024-06-13,01_瞬間決策_淡化,short,22308.0,22348.0,-42.0,stop,471.0,226.8
2024-06-17,01_瞬間決策_淡化,short,22430.0,22470.0,-42.0,stop,160.0,228.25
2024-06-18,01_瞬間決策_淡化,short,22592.0,22632.0,-42.0,stop,135.0,218.5
2024-06-19,01_瞬間決策_淡化,short,22883.0,22923.0,-42.0,stop,149.0,225.45
2024-06-20,01_瞬間決策_淡化,short,23153.0,23193.0,-42.0,stop,206.0,222.65
2024-06-21,01_瞬間決策_淡化,long,23034.0,23210.0,174.0,time,-110.0,227.5
2024-06-25,01_瞬間決策_淡化,long,22608.0,22568.0,-42.0,stop,-422.0,240.8
2024-06-26,01_瞬間決策_淡化,short,22806.0,22846.0,-42.0,stop,216.0,246.4
2024-06-27,01_瞬間決策_淡化,long,22614.0,22574.0,-42.0,stop,-202.0,250.4
2024-06-28,01_瞬間決策_淡化,short,22908.0,22948.0,-42.0,stop,223.0,257.35
2024-07-01,01_瞬間決策_淡化,short,22960.0,23000.0,-42.0,stop,102.0,252.25
2024-07-02,01_瞬間決策_淡化,long,22838.0,22798.0,-42.0,stop,-107.0,252.35
2024-07-03,01_瞬間決策_淡化,short,23073.0,23113.0,-42.0,stop,156.0,248.2
2024-07-04,01_瞬間決策_淡化,short,23487.0,23527.0,-42.0,stop,436.0,243.1
2024-07-05,01_瞬間決策_淡化,short,23659.0,23570.0,87.0,time,189.0,242.1
2024-07-09,01_瞬間決策_淡化,short,23945.0,23985.0,-42.0,stop,382.0,273.9
2024-07-10,01_瞬間決策_淡化,long,23759.0,23719.0,-42.0,stop,-109.0,275.85
2024-07-11,01_瞬間決策_淡化,short,24251.0,24291.0,-42.0,stop,485.0,274.8
2024-07-12,01_瞬間決策_淡化,long,24038.0,23998.0,-42.0,stop,-213.0,276.9
2024-07-16,01_瞬間決策_淡化,long,23842.0,24000.0,156.0,time,-213.0,297.85
2024-07-17,01_瞬間決策_淡化,short,24009.0,23772.0,235.0,time,229.0,297.5
2024-07-18,01_瞬間決策_淡化,long,23294.0,23254.0,-42.0,stop,-770.0,298.3
2024-07-22,01_瞬間決策_淡化,long,22859.0,22819.0,-42.0,stop,-191.0,319.45
2024-07-23,01_瞬間決策_淡化,long,22600.0,22830.0,228.0,time,-185.0,316.15
2024-07-26,01_瞬間決策_淡化,long,22028.0,21988.0,-42.0,stop,-692.0,315.0
2024-07-29,01_瞬間決策_淡化,long,22430.0,22390.0,-42.0,stop,-290.0,320.3
2024-07-30,01_瞬間決策_淡化,long,21933.0,21893.0,-42.0,stop,-320.0,328.6
2024-08-01,01_瞬間決策_淡化,short,22721.0,22653.0,66.0,time,823.0,333.55
2024-08-02,01_瞬間決策_淡化,long,22000.0,21960.0,-42.0,stop,-687.0,352.75
2024-08-05,01_瞬間決策_淡化,long,20712.0,20672.0,-42.0,stop,-1416.0,412.9
2024-08-06,01_瞬間決策_淡化,long,20395.0,20355.0,-42.0,stop,-702.0,465.4
2024-08-07,01_瞬間決策_淡化,short,20500.0,20540.0,-42.0,stop,277.0,483.35
2024-08-08,01_瞬間決策_淡化,short,20680.0,20720.0,-42.0,stop,360.0,486.8
2024-08-09,01_瞬間決策_淡化,short,21305.0,21345.0,-42.0,stop,580.0,499.25
2024-08-12,01_瞬間決策_淡化,short,21650.0,21690.0,-42.0,stop,221.0,501.75
2024-08-13,01_瞬間決策_淡化,short,21848.0,21888.0,-42.0,stop,287.0,499.25
2024-08-14,01_瞬間決策_淡化,short,22104.0,22144.0,-42.0,stop,301.0,493.95
2024-08-16,01_瞬間決策_淡化,short,22324.0,22364.0,-42.0,stop,370.0,483.8
2024-08-21,01_瞬間決策_淡化,long,22282.0,22242.0,-42.0,stop,-273.0,442.4
2024-08-23,01_瞬間決策_淡化,long,21942.0,21902.0,-42.0,stop,-312.0,443.3
2024-08-26,01_瞬間決策_淡化,short,22230.0,22270.0,-42.0,stop,397.0,440.6
2024-08-27,01_瞬間決策_淡化,long,22112.0,22072.0,-42.0,stop,-178.0,426.7
2024-08-29,01_瞬間決策_淡化,long,21938.0,22176.0,236.0,time,-300.0,432.1
2024-08-30,01_瞬間決策_淡化,short,22320.0,22360.0,-42.0,stop,170.0,410.2
2024-09-04,01_瞬間決策_淡化,long,21246.0,21206.0,-42.0,stop,-974.0,295.15
2024-09-09,01_瞬間決策_淡化,long,20734.0,20694.0,-42.0,stop,-628.0,291.95
2024-09-10,01_瞬間決策_淡化,short,21233.0,21273.0,-42.0,stop,673.0,298.95
2024-09-11,01_瞬間決策_淡化,long,21100.0,21060.0,-42.0,stop,-210.0,295.45
2024-09-12,01_瞬間決策_淡化,short,21597.0,21637.0,-42.0,stop,452.0,297.5
2024-09-13,01_瞬間決策_淡化,short,21800.0,21820.0,-22.0,time,283.0,297.8
2024-09-20,01_瞬間決策_淡化,short,22345.0,22385.0,-42.0,stop,694.0,312.05
2024-09-25,01_瞬間決策_淡化,short,22835.0,22792.0,41.0,time,517.0,300.8
2024-09-26,01_瞬間決策_淡化,short,23034.0,23074.0,-42.0,stop,209.0,291.8
2024-09-27,01_瞬間決策_淡化,short,23190.0,22884.0,304.0,time,251.0,290.4
2024-09-30,01_瞬間決策_淡化,long,22699.0,22659.0,-42.0,stop,-512.0,304.7
2024-10-01,01_瞬間決策_淡化,long,22246.0,22391.0,143.0,time,-405.0,302.65
2024-10-04,01_瞬間決策_淡化,short,22331.0,22371.0,-42.0,stop,231.0,299.8
2024-10-07,01_瞬間決策_淡化,short,22570.0,22610.0,-42.0,stop,470.0,287.3
2024-10-09,01_瞬間決策_淡化,short,22770.0,22810.0,-42.0,stop,210.0,269.5
2024-10-14,01_瞬間決策_淡化,short,22987.0,23027.0,-42.0,stop,198.0,249.45
2024-10-15,01_瞬間決策_淡化,short,23225.0,23265.0,-42.0,stop,185.0,254.25
2024-10-16,01_瞬間決策_淡化,long,22952.0,23258.3,304.2999999999993,target,-208.0,255.25
2024-10-17,01_瞬間決策_淡化,short,23142.0,23182.0,-42.0,stop,272.0,260.05
2024-10-18,01_瞬間決策_淡化,short,23820.0,23657.0,161.0,time,645.0,268.9
2024-10-22,01_瞬間決策_淡化,long,23560.0,23520.0,-42.0,stop,-165.0,263.8
2024-10-23,01_瞬間決策_淡化,long,23498.0,23458.0,-42.0,stop,-162.0,260.6
2024-10-24,01_瞬間決策_淡化,long,23383.0,23343.0,-42.0,stop,-178.0,266.2
2024-10-28,01_瞬間決策_淡化,short,23650.0,23318.62,329.380000000001,target,363.0,276.15
2024-10-29,01_瞬間決策_淡化,long,23137.0,23097.0,-42.0,stop,-414.0,289.6
2024-11-01,01_瞬間決策_淡化,long,22397.0,22357.0,-42.0,stop,-303.0,296.3
2024-11-06,01_瞬間決策_淡化,short,23250.0,23290.0,-42.0,stop,402.0,318.25
2024-11-08,01_瞬間決策_淡化,short,23772.0,23781.0,-11.0,time,531.0,332.9
2024-11-11,01_瞬間決策_淡化,long,23555.0,23515.0,-42.0,stop,-186.0,336.4
2024-11-12,01_瞬間決策_淡化,long,23013.0,22973.0,-42.0,stop,-551.0,343.8
2024-11-13,01_瞬間決策_淡化,long,22755.0,22783.0,26.0,time,-359.0,344.25
2024-11-20,01_瞬間決策_淡化,short,22947.0,22987.0,-42.0,stop,325.0,341.3
2024-11-21,01_瞬間決策_淡化,long,22647.0,22607.0,-42.0,stop,-211.0,343.5
2024-11-25,01_瞬間決策_淡化,short,23254.0,23066.0,186.0,time,453.0,347.4
2024-11-26,01_瞬間決策_淡化,long,22710.0,22670.0,-42.0,stop,-342.0,336.85
2024-11-27,01_瞬間決策_淡化,long,22600.0,22560.0,-42.0,stop,-255.0,331.55
2024-11-28,01_瞬間決策_淡化,long,22302.0,22262.0,-42.0,stop,-349.0,329.95
2024-12-02,01_瞬間決策_淡化,short,22530.0,22570.0,-42.0,stop,253.0,321.35
2024-12-03,01_瞬間決策_淡化,short,23152.0,23112.0,38.0,time,604.0,308.1
2024-12-09,01_瞬間決策_淡化,long,23193.0,23249.0,54.0,time,-153.0,268.5
2024-12-11,01_瞬間決策_淡化,long,22887.0,22847.0,-42.0,stop,-332.0,262.4
2024-12-12,01_瞬間決策_淡化,short,23004.0,23044.0,-42.0,stop,154.0,257.6
2024-12-16,01_瞬間決策_淡化,short,23220.0,23260.0,-42.0,stop,321.0,259.45
2024-12-18,01_瞬間決策_淡化,long,23002.0,23183.0,179.0,time,-111.0,249.95
2024-12-19,01_瞬間決策_淡化,long,22747.0,22849.0,100.0,time,-214.0,248.4
2024-12-23,01_瞬間決策_淡化,short,22904.0,22944.0,-42.0,stop,96.0,247.9
2024-12-24,01_瞬間決策_淡化,short,23430.0,23216.0,212.0,time,537.0,250.0
2024-12-25,01_瞬間決策_淡化,long,23340.0,23300.0,-42.0,stop,-104.0,238.0
2024-12-27,01_瞬間決策_淡化,long,23194.0,23154.0,-42.0,stop,-133.0,219.15
2024-12-31,01_瞬間決策_淡化,long,22998.0,22958.0,-42.0,stop,-216.0,209.3
2025-01-02,01_瞬間決策_淡化,long,22935.0,22895.0,-42.0,stop,-111.0,213.35
2025-01-06,01_瞬間決策_淡化,short,23222.0,23262.0,-42.0,stop,375.0,226.45
2025-01-07,01_瞬間決策_淡化,short,23965.0,23752.0,211.0,time,739.0,233.95
2025-01-08,01_瞬間決策_淡化,long,23549.0,23509.0,-42.0,stop,-325.0,228.9
2025-01-09,01_瞬間決策_淡化,long,23258.0,23218.0,-42.0,stop,-219.0,233.7
2025-01-10,01_瞬間決策_淡化,long,23083.0,23043.0,-42.0,stop,-255.0,232.6
2025-01-13,01_瞬間決策_淡化,long,22960.0,22920.0,-42.0,stop,-195.0,251.25
2025-01-14,01_瞬間決策_淡化,long,22690.0,22650.0,-42.0,stop,-238.0,246.95
2025-01-15,01_瞬間決策_淡化,short,22814.0,22512.0,300.0,time,337.0,253.5
2025-01-16,01_瞬間決策_淡化,short,23080.0,23120.0,-42.0,stop,391.0,251.0
2025-01-17,01_瞬間決策_淡化,short,23277.0,23317.0,-42.0,stop,304.0,259.7
2025-01-21,01_瞬間決策_淡化,short,23426.0,23365.0,59.0,time,181.0,253.45
2025-01-22,01_瞬間決策_淡化,short,23600.0,23640.0,-42.0,stop,268.0,247.15
2025-02-03,01_瞬間決策_淡化,long,22680.0,22640.0,-42.0,stop,-894.0,255.6
2025-02-04,01_瞬間決策_淡化,long,22919.0,22879.0,-42.0,stop,-883.0,262.7
2025-02-05,01_瞬間決策_淡化,short,23077.0,23117.0,-42.0,stop,282.0,262.25
2025-02-06,01_瞬間決策_淡化,short,23355.0,23290.0,63.0,time,273.0,261.0
2025-02-11,01_瞬間決策_淡化,short,23391.0,23431.0,-42.0,stop,145.0,257.15
2025-02-18,01_瞬間決策_淡化,short,23581.0,23621.0,-42.0,stop,272.0,243.85
2025-02-25,01_瞬間決策_淡化,long,23231.0,23191.0,-42.0,stop,-257.0,204.9
2025-02-26,01_瞬間決策_淡化,long,23150.0,23110.0,-42.0,stop,-119.0,211.0
2025-02-27,01_瞬間決策_淡化,short,23374.0,23414.0,-42.0,stop,247.0,214.9
2025-03-03,01_瞬間決策_淡化,long,22650.0,22718.0,66.0,time,-766.0,216.9
2025-03-04,01_瞬間決策_淡化,long,22242.0,22202.0,-42.0,stop,-368.0,226.7
2025-03-05,01_瞬間決策_淡化,short,22659.0,22699.0,-42.0,stop,466.0,229.35
2025-03-06,01_瞬間決策_淡化,short,22991.0,22710.26,278.7400000000016,target,439.0,233.95
2025-03-07,01_瞬間決策_淡化,long,22499.0,22520.0,19.0,time,-504.0,236.95
2025-03-11,01_瞬間決策_淡化,long,21868.0,21828.0,-42.0,stop,-698.0,250.45
2025-03-13,01_瞬間決策_淡化,short,22445.0,22119.62,323.380000000001,target,427.0,271.15
2025-03-14,01_瞬間決策_淡化,long,22120.0,22080.0,-42.0,stop,-266.0,273.5
2025-03-17,01_瞬間決策_淡化,short,22161.0,22201.0,-42.0,stop,159.0,271.9
2025-03-18,01_瞬間決策_淡化,short,22359.0,22259.0,98.0,time,159.0,268.25
2025-03-19,01_瞬間決策_淡化,long,22244.0,22204.0,-42.0,stop,-141.0,273.4
2025-03-21,01_瞬間決策_淡化,short,22323.0,22363.0,-42.0,stop,153.0,278.35
2025-03-25,01_瞬間決策_淡化,short,22330.0,22370.0,-42.0,stop,129.0,283.8
2025-03-27,01_瞬間決策_淡化,long,22031.0,21991.0,-42.0,stop,-338.0,274.6
2025-03-28,01_瞬間決策_淡化,long,21750.0,21710.0,-42.0,stop,-295.0,274.75
2025-03-31,01_瞬間決策_淡化,long,20856.0,20816.0,-42.0,stop,-971.0,282.5
2025-04-01,01_瞬間決策_淡化,long,21000.0,20960.0,-42.0,stop,-141.0,277.95
2025-04-02,01_瞬間決策_淡化,short,21273.0,21313.0,-42.0,stop,185.0,272.05
2025-04-07,01_瞬間決策_淡化,long,19167.0,19167.0,-2.0,time,-2167.0,256.4
2025-04-08,01_瞬間決策_淡化,long,18596.0,18556.0,-42.0,stop,-2263.0,283.65
2025-04-09,01_瞬間決策_淡化,long,17846.0,17806.0,-42.0,stop,-560.0,329.4
2025-04-10,01_瞬間決策_淡化,short,18902.0,18902.0,-2.0,time,852.0,308.2
2025-04-11,01_瞬間決策_淡化,long,18560.0,18520.0,-42.0,stop,-342.0,349.4
2025-04-14,01_瞬間決策_淡化,short,19800.0,19840.0,-42.0,stop,962.0,348.1
2025-04-17,01_瞬間決策_淡化,long,19243.0,19203.0,-42.0,stop,-575.0,362.65
2025-04-18,01_瞬間決策_淡化,short,19380.0,19420.0,-42.0,stop,232.0,355.6
2025-04-22,01_瞬間決策_淡化,long,18945.0,18905.0,-42.0,stop,-423.0,364.8
2025-04-23,01_瞬間決策_淡化,short,19250.0,19290.0,-42.0,stop,380.0,372.3
2025-04-24,01_瞬間決策_淡化,short,19636.0,19676.0,-42.0,stop,580.0,373.7
2025-04-25,01_瞬間決策_淡化,short,19980.0,19873.0,105.0,time,332.0,372.75
2025-05-02,01_瞬間決策_淡化,short,20488.0,20528.0,-42.0,stop,334.0,353.4
2025-05-05,01_瞬間決策_淡化,short,20757.0,20307.84,447.15999999999985,target,327.0,374.3
2025-05-06,01_瞬間決策_淡化,long,20150.0,20337.0,185.0,time,-690.0,390.95
2025-05-07,01_瞬間決策_淡化,short,20440.0,20480.0,-42.0,stop,242.0,368.2
2025-05-08,01_瞬間決策_淡化,short,20475.0,20515.0,-42.0,stop,228.0,323.0
2025-05-09,01_瞬間決策_淡化,short,20649.0,20689.0,-42.0,stop,137.0,336.8
2025-05-12,01_瞬間決策_淡化,short,21015.0,21055.0,-42.0,stop,335.0,288.35
2025-05-13,01_瞬間決策_淡化,short,21421.0,21461.0,-42.0,stop,627.0,273.35
2025-05-14,01_瞬間決策_淡化,short,21677.0,21717.0,-42.0,stop,192.0,267.7
2025-05-15,01_瞬間決策_淡化,short,21776.0,21694.0,80.0,time,99.0,258.5
2025-05-19,01_瞬間決策_淡化,long,21587.0,21547.0,-42.0,stop,-188.0,257.15
2025-05-20,01_瞬間決策_淡化,long,21663.0,21623.0,-42.0,stop,-165.0,252.65
2025-05-21,01_瞬間決策_淡化,long,21472.0,21672.0,198.0,time,-278.0,253.3
2025-05-22,01_瞬間決策_淡化,long,21465.0,21425.0,-42.0,stop,-110.0,239.75
2025-05-27,01_瞬間決策_淡化,short,21403.0,21233.0,168.0,time,153.0,251.55
2025-05-29,01_瞬間決策_淡化,short,21513.0,21553.0,-42.0,stop,109.0,264.35
2025-06-02,01_瞬間決策_淡化,long,20976.0,20936.0,-42.0,stop,-339.0,265.25
2025-06-04,01_瞬間決策_淡化,short,21280.0,21320.0,-42.0,stop,198.0,246.0
2025-06-05,01_瞬間決策_淡化,short,21589.0,21629.0,-42.0,stop,372.0,239.5
2025-06-09,01_瞬間決策_淡化,short,21663.0,21703.0,-42.0,stop,133.0,227.5
2025-06-10,01_瞬間決策_淡化,short,21879.0,21919.0,-42.0,stop,219.0,239.0
2025-06-11,01_瞬間決策_淡化,short,22296.0,22336.0,-42.0,stop,450.0,235.65
2025-06-13,01_瞬間決策_淡化,long,21954.0,21914.0,-42.0,stop,-399.0,236.6
2025-06-16,01_瞬間決策_淡化,long,21686.0,21646.0,-42.0,stop,-623.0,234.55
2025-06-17,01_瞬間決策_淡化,long,21801.0,21761.0,-42.0,stop,-190.0,235.1
2025-06-18,01_瞬間決策_淡化,long,21714.0,21930.0,214.0,time,-507.0,235.95
2025-06-19,01_瞬間決策_淡化,long,21820.0,21780.0,-42.0,stop,-250.0,231.3
2025-06-20,01_瞬間決策_淡化,long,21635.0,21595.0,-42.0,stop,-218.0,237.25
2025-06-23,01_瞬間決策_淡化,long,21350.0,21310.0,-42.0,stop,-222.0,237.8
2025-06-24,01_瞬間決策_淡化,short,21770.0,21810.0,-42.0,stop,310.0,237.3
2025-06-25,01_瞬間決策_淡化,short,22138.0,22159.0,-23.0,time,526.0,229.6
2025-07-02,01_瞬間決策_淡化,short,22298.0,22338.0,-42.0,stop,138.0,213.75
2025-07-03,01_瞬間決策_淡化,short,22568.0,22608.0,-42.0,stop,275.0,213.95
2025-07-04,01_瞬間決策_淡化,short,22739.0,22469.42,267.58000000000175,target,169.0,224.65
2025-07-07,01_瞬間決策_淡化,long,22349.0,22309.0,-42.0,stop,-444.0,229.65
2025-07-10,01_瞬間決策_淡化,short,22470.0,22510.0,-42.0,stop,202.0,237.35
2025-07-14,01_瞬間決策_淡化,short,22670.0,22551.0,117.0,time,87.0,240.2
2025-07-15,01_瞬間決策_淡化,long,22382.0,22678.88,294.880000000001,target,-255.0,247.4
2025-07-16,01_瞬間決策_淡化,short,22704.0,22744.0,-42.0,stop,144.0,248.85
2025-07-17,01_瞬間決策_淡化,short,22958.0,22998.0,-42.0,stop,92.0,253.95
2025-07-18,01_瞬間決策_淡化,short,23350.0,23390.0,-42.0,stop,386.0,248.75
2025-07-21,01_瞬間決策_淡化,long,23234.0,23194.0,-42.0,stop,-140.0,241.25
2025-07-23,01_瞬間決策_淡化,long,23006.0,23186.0,178.0,time,-247.0,257.95
2025-07-24,01_瞬間決策_淡化,short,23400.0,23310.0,88.0,time,413.0,257.65
2025-07-28,01_瞬間決策_淡化,short,23368.0,23408.0,-42.0,stop,108.0,254.45
2025-07-30,01_瞬間決策_淡化,long,23213.0,23361.0,146.0,time,-104.0,252.45
2025-07-31,01_瞬間決策_淡化,short,23497.0,23537.0,-42.0,stop,304.0,257.3
2025-08-01,01_瞬間決策_淡化,long,23064.0,23376.54,310.5400000000009,target,-353.0,260.45
2025-08-04,01_瞬間決策_淡化,long,23108.0,23068.0,-42.0,stop,-236.0,260.75
2025-08-05,01_瞬間決策_淡化,short,23446.0,23486.0,-42.0,stop,361.0,256.1
2025-08-07,01_瞬間決策_淡化,short,23660.0,23700.0,-42.0,stop,262.0,253.05
2025-08-08,01_瞬間決策_淡化,short,24091.0,23949.0,140.0,time,616.0,246.15
2025-08-12,01_瞬間決策_淡化,short,24155.0,24195.0,-42.0,stop,142.0,246.2
2025-08-13,01_瞬間決策_淡化,short,24298.0,24338.0,-42.0,stop,210.0,244.25
2025-08-18,01_瞬間決策_淡化,long,24199.0,24426.0,225.0,time,-97.0,247.05
2025-08-19,01_瞬間決策_淡化,short,24361.0,24401.0,-42.0,stop,206.0,232.7
2025-08-20,01_瞬間決策_淡化,long,24100.0,24060.0,-42.0,stop,-315.0,246.15
2025-08-21,01_瞬間決策_淡化,long,23729.0,23852.0,121.0,time,-488.0,249.8
2025-08-22,01_瞬間決策_淡化,short,23877.0,23917.0,-42.0,stop,162.0,256.25
2025-08-25,01_瞬間決策_淡化,short,24120.0,24160.0,-42.0,stop,320.0,257.55
2025-08-27,01_瞬間決策_淡化,short,24350.0,24390.0,-42.0,stop,170.0,247.6
2025-09-01,01_瞬間決策_淡化,long,24120.0,24080.0,-42.0,stop,-294.0,242.3
2025-09-03,01_瞬間決策_淡化,long,23966.0,23926.0,-42.0,stop,-119.0,257.3
2025-09-04,01_瞬間決策_淡化,short,24195.0,24235.0,-42.0,stop,255.0,249.85
2025-09-05,01_瞬間決策_淡化,short,24363.0,24403.0,-42.0,stop,234.0,249.6
2025-09-08,01_瞬間決策_淡化,short,24588.0,24628.0,-42.0,stop,253.0,237.9
2025-09-09,01_瞬間決策_淡化,short,24725.0,24765.0,-42.0,stop,247.0,239.15
2025-09-10,01_瞬間決策_淡化,short,24970.0,25010.0,-42.0,stop,258.0,240.4
2025-09-11,01_瞬間決策_淡化,short,25386.0,25426.0,-42.0,stop,409.0,247.05
2025-09-17,01_瞬間決策_淡化,short,25575.0,25470.0,103.0,time,147.0,224.5
2025-09-19,01_瞬間決策_淡化,short,25850.0,25671.0,177.0,time,297.0,223.1
2025-09-22,01_瞬間決策_淡化,long,25756.0,25716.0,-42.0,stop,-85.0,223.5
2025-09-23,01_瞬間決策_淡化,short,26058.0,26098.0,-42.0,stop,321.0,229.2
2025-09-24,01_瞬間決策_淡化,short,26376.0,26091.6,282.40000000000146,target,306.0,237.0
2025-09-25,01_瞬間決策_淡化,long,26191.0,26151.0,-42.0,stop,-225.0,235.95
2025-09-26,01_瞬間決策_淡化,long,25944.0,25904.0,-42.0,stop,-254.0,250.15
2025-09-30,01_瞬間決策_淡化,long,25800.0,25954.0,152.0,time,-212.0,242.7
2025-10-01,01_瞬間決策_淡化,short,26094.0,26134.0,-42.0,stop,352.0,242.95
2025-10-02,01_瞬間決策_淡化,short,26459.0,26499.0,-42.0,stop,329.0,240.5
2025-10-07,01_瞬間決策_淡化,short,27202.0,27242.0,-42.0,stop,775.0,257.6
2025-10-08,01_瞬間決策_淡化,short,27061.0,27101.0,-42.0,stop,381.0,260.55
2025-10-09,01_瞬間決策_淡化,short,27440.0,27335.0,103.0,time,400.0,260.75
2025-10-13,01_瞬間決策_淡化,long,26450.0,26410.0,-42.0,stop,-970.0,274.35
2025-10-14,01_瞬間決策_淡化,short,27309.0,27349.0,-42.0,stop,201.0,296.5
2025-10-15,01_瞬間決策_淡化,long,26878.0,26838.0,-42.0,stop,-372.0,314.65
2025-10-16,01_瞬間決策_淡化,short,27545.0,27585.0,-42.0,stop,762.0,326.95
2025-10-17,01_瞬間決策_淡化,long,27251.0,27328.0,75.0,time,-227.0,329.55
2025-10-21,01_瞬間決策_淡化,short,27900.0,27940.0,-42.0,stop,447.0,340.45
2025-10-22,01_瞬間決策_淡化,long,27690.0,27650.0,-42.0,stop,-157.0,343.15
2025-10-23,01_瞬間決策_淡化,long,27385.0,27345.0,-42.0,stop,-348.0,346.35
2025-10-27,01_瞬間決策_淡化,short,28284.0,28225.0,57.0,time,885.0,341.7
2025-10-28,01_瞬間決策_淡化,short,28233.0,28002.0,229.0,time,491.0,338.95
2025-10-30,01_瞬間決策_淡化,short,28430.0,28470.0,-42.0,stop,215.0,335.3
2025-11-04,01_瞬間決策_淡化,short,28410.0,28450.0,-42.0,stop,145.0,349.05
2025-11-05,01_瞬間決策_淡化,long,27710.0,27670.0,-42.0,stop,-786.0,352.0
2025-11-07,01_瞬間決策_淡化,long,27777.0,27737.0,-42.0,stop,-275.0,347.2
2025-11-11,01_瞬間決策_淡化,short,28149.0,27780.0,367.0,time,588.0,347.3
2025-11-12,01_瞬間決策_淡化,long,27889.0,28054.0,163.0,time,-217.0,321.75
2025-11-13,01_瞬間決策_淡化,short,28038.0,27980.0,56.0,time,135.0,309.9
2025-11-14,01_瞬間決策_淡化,long,27510.0,27470.0,-42.0,stop,-555.0,300.05
2025-11-18,01_瞬間決策_淡化,long,27129.0,27089.0,-42.0,stop,-361.0,301.3
2025-11-19,01_瞬間決策_淡化,long,26801.0,26761.0,-42.0,stop,-374.0,307.4
2025-11-20,01_瞬間決策_淡化,short,27308.0,27348.0,-42.0,stop,402.0,308.4
2025-11-21,01_瞬間決策_淡化,long,26750.0,26710.0,-42.0,stop,-229.0,311.25
2025-11-25,01_瞬間決策_淡化,short,27055.0,27095.0,-42.0,stop,382.0,313.65
2025-11-26,01_瞬間決策_淡化,short,27188.0,27228.0,-42.0,stop,136.0,314.05
2025-11-27,01_瞬間決策_淡化,short,27518.0,27558.0,-42.0,stop,338.0,304.9
2025-11-28,01_瞬間決策_淡化,short,27590.0,27630.0,-42.0,stop,143.0,309.2
2025-12-02,01_瞬間決策_淡化,long,27674.0,27634.0,-42.0,stop,-110.0,294.15
2025-12-03,01_瞬間決策_淡化,short,27808.0,27848.0,-42.0,stop,206.0,282.3
2025-12-08,01_瞬間決策_淡化,short,28054.0,28094.0,-42.0,stop,288.0,279.5
2025-12-09,01_瞬間決策_淡化,short,28350.0,28220.0,128.0,time,305.0,266.4
2025-12-11,01_瞬間決策_淡化,short,28600.0,28264.54,333.4599999999991,target,311.0,279.55
2025-12-12,01_瞬間決策_淡化,long,28266.0,28226.0,-42.0,stop,-406.0,277.3
2025-12-15,01_瞬間決策_淡化,long,27834.0,27794.0,-42.0,stop,-488.0,277.5
2025-12-18,01_瞬間決策_淡化,long,27500.0,27460.0,-42.0,stop,-183.0,258.5
2025-12-19,01_瞬間決策_淡化,short,27800.0,27840.0,-42.0,stop,390.0,249.25
2025-12-22,01_瞬間決策_淡化,short,28256.0,28296.0,-42.0,stop,441.0,249.45
2025-12-23,01_瞬間決策_淡化,short,28392.0,28432.0,-42.0,stop,272.0,237.65
2025-12-24,01_瞬間決策_淡化,short,28565.0,28472.0,91.0,time,222.0,233.95
2025-12-29,01_瞬間決策_淡化,short,28749.0,28789.0,-42.0,stop,218.0,232.9
