formula,tf,retrace,sl,tp,trades,total_pnl,avg_pnl,win_rate,pf,max_dd,tp_rate,stop_rate,score
02,5min,20,80,200,155,1299.770000000004,8.385612903225832,0.4774193548387097,1.2443966846424042,-491.5500000000029,0.07741935483870968,0.3741935483870968,1102.8743369284834
02,5min,20,80,150,155,1273.280000000006,8.214709677419394,0.4838709677419355,1.2431649949964492,-497.380000000001,0.1870967741935484,0.36774193548387096,1073.2229989992954
02,5min,20,80,250,155,1072.5100000000057,6.919419354838746,0.47096774193548385,1.1986026650469987,-491.5500000000029,0.03225806451612903,0.38064516129032255,866.455533009404
02,5min,50,40,250,190,1108.699999999997,5.835263157894722,0.2894736842105263,1.2044832495997753,-853.9399999999987,0.04736842105263158,0.6684210526315789,722.6266499199528
02,5min,20,60,150,155,788.8800000000083,5.089548387096828,0.4129032258064516,1.1576344442690483,-567.4799999999959,0.16774193548387098,0.49032258064516127,536.66688885382
02,5min,80,40,250,208,1048.7899999999972,5.042259615384602,0.28846153846153844,1.176900202573578,-1119.449999999997,0.04326923076923077,0.6682692307692307,524.4450405147143
02,5min,50,40,200,190,897.8699999999953,4.725631578947344,0.29473684210526313,1.1668915754020468,-890.1899999999987,0.08421052631578947,0.6631578947368421,486.1533150804054
02,5min,80,40,200,208,938.1299999999937,4.510240384615354,0.2932692307692308,1.1593640590414669,-1105.699999999997,0.08173076923076923,0.6634615384615384,417.15281180828856
02,5min,50,80,200,190,913.0800000000054,4.805684210526344,0.42105263157894735,1.1235419471373396,-1059.8599999999933,0.10526315789473684,0.43157894736842106,407.85838942747665
02,5min,20,40,150,155,597.9700000000012,3.857870967741943,0.3225806451612903,1.1439161105080882,-665.2699999999968,0.14193548387096774,0.6193548387096774,294.1182221016204
02,5min,20,80,120,155,541.1700000000092,3.4914193548387686,0.4838709677419355,1.1033500882305778,-537.7999999999993,0.21935483870967742,0.36774193548387096,292.9400176461251
02,5min,20,60,200,155,575.5400000000045,3.71316129032261,0.4,1.1122240659531373,-670.4300000000003,0.06451612903225806,0.5032258064516129,262.7698131906318
02,5min,20,60,250,155,485.7200000000048,3.1336774193548695,0.3935483870967742,1.0935788335975998,-620.4300000000003,0.03225806451612903,0.5096774193548387,194.22076671952462
02,5min,20,40,200,155,498.1000000000022,3.2135483870967883,0.3032258064516129,1.116351591571109,-683.6499999999978,0.06451612903225806,0.6387096774193548,179.54531831422509
02,5min,30,80,200,164,557.2200000000121,3.397682926829342,0.4451219512195122,1.0919291056041436,-800.6399999999885,0.08536585365853659,0.40853658536585363,175.28582112084655
02,5min,50,80,250,190,743.0900000000074,3.911000000000039,0.41578947368421054,1.0994386345236433,-1181.8199999999924,0.04736842105263158,0.4368421052631579,172.06772690473986
02,5min,80,80,200,208,794.1899999999987,3.8182211538461477,0.4230769230769231,1.0978666719244068,-1354.559999999994,0.09615384615384616,0.4375,136.48333438488302
02,5min,20,40,250,155,428.2800000000025,2.7630967741935644,0.2967741935483871,1.0990703193854259,-673.2999999999956,0.03225806451612903,0.6451612903225806,111.44406387708983
02,5min,80,50,250,208,795.2000000000007,3.8230769230769264,0.3173076923076923,1.117024987012758,-1465.3899999999921,0.04807692307692308,0.6057692307692307,85.90999740255626
02,5min,80,80,250,208,767.7000000000044,3.690865384615406,0.4182692307692308,1.0936559871758278,-1415.1599999999926,0.04807692307692308,0.4423076923076923,78.85119743517363
02,5min,20,80,100,155,346.6000000000058,2.236129032258102,0.49032258064516127,1.0672450856375684,-630.5399999999936,0.2903225806451613,0.36129032258064514,44.77901712752269
02,5min,80,60,250,208,632.0800000000017,3.0388461538461624,0.3605769230769231,1.0854079062577697,-1211.53999999999,0.04807692307692308,0.5480769230769231,43.39158125156071
02,5min,80,50,200,208,644.5399999999972,3.0987499999999866,0.32211538461538464,1.0955846913821916,-1351.469999999994,0.08653846153846154,0.6009615384615384,-12.078061723561387
02,5min,80,60,200,208,491.41999999999825,2.3625961538461455,0.36538461538461536,1.0669626310855298,-1135.969999999994,0.08653846153846154,0.5432692307692307,-63.17247378289273
02,5min,50,50,250,190,411.869999999999,2.1677368421052576,0.3105263157894737,1.0650238232814555,-1208.1499999999942,0.04736842105263158,0.6157894736842106,-179.200235343707
02,5min,50,80,150,190,328.73000000000684,1.730157894736878,0.4263157894736842,1.044500668735144,-1097.2699999999932,0.18421052631578946,0.43157894736842106,-211.00486625296097
02,5min,20,50,150,155,227.38000000000466,1.4669677419355138,0.34838709677419355,1.0470123640573967,-899.8799999999937,0.14838709677419354,0.5741935483870968,-213.15752718851286
02,5min,50,40,150,190,323.3199999999997,1.7016842105263144,0.3,1.0605699555635486,-1098.6699999999983,0.1368421052631579,0.6578947368421053,-213.9010088872897
02,5min,20,40,100,155,92.77000000000044,0.5985161290322609,0.3419354838709677,1.0230256218059615,-640.8099999999977,0.22580645161290322,0.6,-223.02987563880612
02,5min,30,80,150,164,199.6700000000128,1.2175000000000782,0.45121951219512196,1.0329616814469023,-877.1899999999878,0.15853658536585366,0.40853658536585363,-232.33266371060063
02,5min,30,80,250,164,174.37000000001353,1.0632317073171558,0.43902439024390244,1.0283832594601392,-860.9799999999886,0.03048780487804878,0.4146341463414634,-250.44334810795294
02,5min,20,60,120,155,113.1800000000112,0.7301935483871691,0.4129032258064516,1.022615691109386,-737.689999999995,0.1935483870967742,0.49032258064516127,-251.14186177810913
02,5min,80,50,150,208,426.2000000000007,2.049038461538465,0.33653846153846156,1.0647019263321054,-1424.3099999999977,0.15384615384615385,0.5865384615384616,-273.01461473357705
02,5min,80,40,150,208,313.5799999999981,1.5075961538461446,0.2980769230769231,1.0536519348265352,-1240.8099999999977,0.12980769230769232,0.6586538461538461,-296.0946130346937
02,5min,80,60,150,208,260.93000000000393,1.2544711538461728,0.375,1.0361663377095722,-1197.5799999999945,0.15865384615384615,0.5336538461538461,-330.62673245807883
02,5min,50,60,250,190,226.85000000000218,1.1939473684210642,0.3526315789473684,1.0332445249484152,-1251.4699999999903,0.04736842105263158,0.5473684210526316,-392.2360950103099
02,5min,20,40,120,155,-0.11999999999534339,-0.0007741935483570542,0.3225806451612903,0.9999711190640662,-788.8099999999977,0.16129032258064516,0.6193548387096774,-394.53077618718095
02,5min,80,80,150,208,269.0900000000038,1.2937019230769413,0.42788461538461536,1.033174911388504,-1352.6499999999942,0.17307692307692307,0.4375,-400.6000177222925
02,5min,50,50,200,190,211.03999999999724,1.1107368421052486,0.3157894736842105,1.033593648024399,-1244.3999999999942,0.08421052631578947,0.6105263157894737,-404.44127039512006
02,5min,50,60,200,190,183.10000000000218,0.9636842105263272,0.35789473684210527,1.0270790691070861,-1215.4299999999894,0.08947368421052632,0.5421052631578948,-419.1991861785753
02,5min,30,40,200,164,-42.659999999999854,-0.2601219512195113,0.2865853658536585,0.9908572261347027,-788.9099999999962,0.06097560975609756,0.6646341463414634,-438.94355477305743
02,5min,20,60,100,155,-21.389999999992142,-0.1379999999999493,0.41935483870967744,0.9956722218962523,-849.689999999995,0.2645161290322581,0.4838709677419355,-447.1005556207392
02,5min,30,40,250,164,-44.68999999999869,-0.272499999999992,0.2804878048780488,0.9905076062345213,-802.6599999999962,0.03048780487804878,0.6707317073170732,-447.91847875309253
02,5min,50,50,150,190,94.18000000000029,0.49568421052631734,0.33157894736842103,1.015373465183623,-1149.1799999999967,0.15263157894736842,0.5947368421052631,-477.3353069632734
02,5min,20,50,200,155,-102.48999999999432,-0.6612258064515762,0.3225806451612903,0.9796832256274046,-986.5699999999961,0.06451612903225806,0.6,-599.8383548745114
02,5min,50,60,150,190,-21.719999999993888,-0.11431578947365205,0.3684210526315789,0.996727772354197,-1157.8499999999913,0.15789473684210525,0.531578947368421,-601.2994455291501
02,5min,80,40,120,208,-15.379999999993743,-0.07394230769227761,0.30288461538461536,0.9973495142786744,-1209.949999999997,0.1875,0.6538461538461539,-620.8850971442574
02,5min,20,50,250,155,-182.30999999999403,-1.1761935483870583,0.3161290322580645,0.9642290939057422,-950.3199999999961,0.03225806451612903,0.6064516129032258,-664.6241812188437
02,5min,50,40,100,190,-170.9599999999955,-0.8997894736841868,0.32105263157894737,0.9669320458959072,-991.6299999999937,0.24210526315789474,0.6368421052631579,-673.3885908208109
02,5min,50,40,120,190,-78.08999999999287,-0.41099999999996245,0.30526315789473685,0.985254797996965,-1233.319999999996,0.18421052631578946,0.6526315789473685,-697.6990404005979
02,5min,80,40,100,208,-187.7099999999955,-0.9024519230769014,0.3173076923076923,0.9669333117245736,-1029.949999999997,0.24519230769230768,0.6394230769230769,-709.2983376550793
02,5min,20,50,100,155,-281.1399999999958,-1.813806451612876,0.36774193548387096,0.9399350510618305,-891.8899999999958,0.23870967741935484,0.5548387096774193,-739.0979897876275
02,5min,80,50,120,208,-42.75999999999112,-0.2055769230768804,0.34134615384615385,0.9934569013929346,-1423.449999999997,0.21153846153846154,0.5817307692307693,-755.7936197214027
02,5min,80,60,120,208,-194.41999999999098,-0.9347115384614951,0.3798076923076923,0.9728997743274092,-1223.0399999999936,0.22596153846153846,0.5336538461538461,-811.360045134506
02,5min,30,40,150,164,-354.1899999999987,-2.1596951219512115,0.2926829268292683,0.9234014853005422,-973.9099999999926,0.11585365853658537,0.6585365853658537,-856.4647029398866
02,5min,30,80,120,164,-382.0399999999863,-2.329512195121868,0.45121951219512196,0.9369325347825248,-1010.3199999999779,0.2073170731707317,0.40853658536585363,-899.8134930434703
02,5min,80,80,120,208,-171.3699999999917,-0.8238942307691909,0.4326923076923077,0.9787662440649079,-1458.4999999999854,0.25,0.4375,-904.8667511870028
02,5min,20,50,120,155,-400.70999999999185,-2.5852258064515605,0.34838709677419355,0.9171504776082388,-1051.729999999996,0.16774193548387098,0.5741935483870968,-943.144904478342
02,5min,30,60,150,164,-437.1799999999894,-2.6657317073170086,0.3719512195121951,0.9234309813963119,-1006.7099999999919,0.13414634146341464,0.5304878048780488,-955.8488037207229
02,5min,30,60,200,164,-447.6899999999914,-2.7298170731706795,0.3597560975609756,0.9232569142316449,-1028.5899999999892,0.06707317073170732,0.5426829268292683,-977.3336171536571
02,5min,80,50,100,208,-351.58999999999287,-1.6903365384615041,0.35096153846153844,0.9453299808898291,-1309.949999999997,0.2692307692307692,0.5721153846153846,-1017.4990038220255
02,1min,20,40,200,156,-405.3499999999949,-2.5983974358974034,0.27564102564102566,0.9127192784133372,-1192.7099999999955,0.07051282051282051,0.6923076923076923,-1019.1611443173252
02,5min,50,80,120,190,-306.79999999998836,-1.614736842105202,0.43157894736842106,0.9582384464919902,-1485.729999999985,0.24210526315789474,0.43157894736842106,-1058.0173107015828
02,1min,20,40,100,156,-541.8199999999961,-3.473205128205103,0.32051282051282054,0.8754496909344616,-994.4599999999955,0.21153846153846154,0.6474358974358975,-1063.9600618131014
02,5min,50,50,120,190,-387.2299999999923,-2.038052631578907,0.3368421052631579,0.9362494114393161,-1336.5499999999884,0.2,0.5894736842105263,-1068.2551177121234
02,5min,30,50,150,164,-526.5399999999936,-3.2106097560975217,0.3231707317073171,0.9011699166436749,-1143.2499999999964,0.12804878048780488,0.5975609756097561,-1117.9310166712569
02,5min,30,60,250,164,-616.799999999992,-3.760975609756049,0.35365853658536583,0.8953799600381313,-1042.3399999999892,0.03048780487804878,0.5487804878048781,-1158.8940079923605
02,5min,30,80,100,164,-583.4399999999914,-3.5575609756097037,0.4573170731707317,0.9023635962005757,-1141.3199999999888,0.2804878048780488,0.4024390243902439,-1173.6272807598707
02,5min,80,60,100,208,-587.3899999999921,-2.823990384615347,0.38461538461538464,0.9174098825805573,-1247.7399999999943,0.28846153846153844,0.5288461538461539,-1227.7780234838779
02,5min,50,50,100,190,-576.5999999999949,-3.0347368421052363,0.3473684210526316,0.9034193502999938,-1292.1599999999926,0.2578947368421053,0.5789473684210527,-1241.9961299399924
02,1min,20,40,250,156,-498.31999999999243,-3.194358974358926,0.2692307692307692,0.8936624692448711,-1446.0399999999936,0.03205128205128205,0.6987179487179487,-1242.607506151015
02,5min,30,50,200,164,-625.0099999999948,-3.8110365853658217,0.3048780487804878,0.8860246583985727,-1239.929999999993,0.06097560975609756,0.6158536585365854,-1267.7700683202768
02,5min,50,60,120,190,-540.8399999999892,-2.846526315789417,0.3736842105263158,0.918018150481958,-1430.3699999999844,0.21052631578947367,0.531578947368421,-1272.42136990359
02,5min,30,50,250,164,-637.0399999999936,-3.8843902439024,0.29878048780487804,0.8849221331242684,-1253.679999999993,0.03048780487804878,0.6219512195121951,-1286.8955733751363
02,1min,20,40,150,156,-729.0899999999965,-4.673653846153824,0.28205128205128205,0.8415782852151473,-1238.8399999999965,0.10897435897435898,0.6858974358974359,-1380.1943429569653
02,1min,20,60,200,156,-607.4800000000032,-3.894102564102585,0.3525641025641026,0.897059969837154,-1621.3200000000033,0.08333333333333333,0.5833333333333334,-1438.728006032574
02,5min,80,80,100,208,-651.1699999999946,-3.130624999999974,0.4375,0.9184880029642098,-1588.03999999999,0.3173076923076923,0.4326923076923077,-1461.4923994071476
02,5min,30,40,100,164,-826.2799999999988,-5.038292682926822,0.3048780487804878,0.8179991982343537,-1201.059999999994,0.1951219512195122,0.6463414634146342,-1463.210160353125
02,5min,30,40,120,164,-819.1699999999946,-4.994939024390211,0.2926829268292683,0.8228430918818864,-1249.9499999999898,0.1402439024390244,0.6585365853658537,-1479.5763816236122
02,5min,50,80,100,190,-667.1399999999921,-3.5112631578946956,0.4368421052631579,0.9081639816807018,-1603.8699999999917,0.3105263157894737,0.4263157894736842,-1487.4422036638477
02,5min,50,60,100,190,-794.3499999999913,-4.180789473684165,0.37894736842105264,0.8784481267989491,-1422.9199999999873,0.2736842105263158,0.5263157894736842,-1530.1203746401952
02,1min,50,40,200,186,-690.75,-3.713709677419355,0.25806451612903225,0.8785816864445659,-1653.1200000000026,0.07526881720430108,0.7150537634408602,-1541.5936627110882
02,5min,30,60,120,164,-932.4799999999886,-5.685853658536516,0.3719512195121951,0.8366826513848575,-1236.2699999999822,0.17682926829268292,0.5304878048780488,-1583.2784697230084
02,1min,20,40,120,156,-831.2799999999952,-5.328717948717918,0.2948717948717949,0.8160156345101278,-1509.9199999999946,0.16025641025641027,0.6730769230769231,-1623.036873097967
02,1min,20,60,250,156,-703.260000000002,-4.508076923076936,0.34615384615384615,0.882068653262455,-1877.4600000000028,0.038461538461538464,0.5897435897435898,-1665.5762693475124
02,1min,50,40,250,186,-714.0799999999981,-3.8391397849462265,0.25268817204301075,0.8754006710858996,-1886.9699999999975,0.026881720430107527,0.7204301075268817,-1682.484865782817
02,1min,20,50,200,156,-834.5599999999977,-5.349743589743575,0.3076923076923077,0.8461524281097745,-1712.9900000000016,0.07051282051282051,0.6538461538461539,-1721.8245143780437
02,5min,30,60,100,164,-1047.049999999992,-6.384451219512147,0.3780487804878049,0.8146033196284466,-1311.5199999999859,0.24390243902439024,0.524390243902439,-1739.8893360742957
02,5min,30,50,120,164,-1037.9099999999926,-6.328719512195077,0.3231707317073171,0.805187199801793,-1437.6399999999885,0.15853658536585366,0.5975609756097561,-1795.6925600396282
02,5min,30,50,100,164,-1068.3399999999965,-6.514268292682906,0.3353658536585366,0.7954833040758237,-1428.7499999999927,0.21951219512195122,0.5853658536585366,-1823.618339184828
02,1min,20,60,150,156,-974.2000000000044,-6.244871794871822,0.358974358974359,0.8331649341530655,-1726.6700000000055,0.1346153846153846,0.5769230769230769,-1870.902013169394
02,1min,30,40,200,169,-990.3999999999942,-5.860355029585764,0.2485207100591716,0.8105226506167016,-1689.7599999999984,0.07692307692307693,0.7218934911242604,-1873.175469876653
02,1min,20,60,100,156,-1005.7599999999984,-6.4471794871794765,0.38461538461538464,0.8201205444172198,-1694.3100000000013,0.2564102564102564,0.5512820512820513,-1888.8908911165552
02,1min,80,40,200,198,-892.260000000002,-4.506363636363647,0.23737373737373738,0.8568951773934601,-2041.0800000000017,0.08080808080808081,0.7373737373737373,-1941.420964521311
02,1min,20,50,250,156,-937.5299999999952,-6.009807692307661,0.30128205128205127,0.8288113588930346,-1976.3199999999997,0.03205128205128205,0.6602564102564102,-1959.9277282213882
02,1min,20,80,200,156,-1043.4300000000076,-6.688653846153895,0.40384615384615385,0.8458416561277425,-1777.0900000000074,0.08333333333333333,0.4935897435897436,-1962.8066687744629
02,1min,20,50,100,156,-1110.5099999999948,-7.118653846153813,0.33974358974358976,0.7849761549319509,-1638.4599999999991,0.22435897435897437,0.6217948717948718,-1972.7447690136041
02,1min,20,50,150,156,-1111.2799999999988,-7.123589743589736,0.3141025641025641,0.7931574901490716,-1728.3400000000038,0.12179487179487179,0.6474358974358975,-2016.8185019701864
02,1min,30,40,250,169,-1036.6499999999905,-6.1340236686389975,0.24260355029585798,0.8032552604758786,-1896.3699999999953,0.029585798816568046,0.727810650887574,-2024.1839479048126
02,1min,50,40,150,186,-1149.1299999999974,-6.178118279569879,0.26344086021505375,0.7965064697955205,-1762.880000000001,0.11290322580645161,0.7096774193548387,-2071.268706040894
02,1min,80,40,250,198,-938.5,-4.73989898989899,0.23232323232323232,0.8504861391012599,-2247.6899999999987,0.030303030303030304,0.7424242424242424,-2092.2477721797472
02,1min,20,80,100,156,-1254.2000000000044,-8.039743589743617,0.4358974358974359,0.8027540826853874,-1736.570000000007,0.28205128205128205,0.46153846153846156,-2161.9341834629304
02,1min,20,80,150,156,-1272.2700000000114,-8.155576923076996,0.41025641025641024,0.8097272738149347,-1744.5600000000122,0.14102564102564102,0.48717948717948717,-2182.6045452370304
02,1min,20,60,120,156,-1107.4400000000023,-7.098974358974374,0.3717948717948718,0.8062323937501089,-2087.7500000000036,0.19230769230769232,0.5641025641025641,-2190.0685212499825
02,1min,20,80,250,156,-1159.2100000000064,-7.430833333333374,0.3974358974358974,0.8307860963191323,-2053.230000000007,0.038461538461538464,0.5,-2219.6677807361834
02,1min,30,40,100,169,-1366.479999999996,-8.085680473372756,0.28402366863905326,0.7253312053644121,-1773.119999999999,0.1834319526627219,0.6863905325443787,-2307.973758927113
02,1min,20,50,120,156,-1253.4699999999975,-8.035064102564087,0.3269230769230769,0.7620862507805697,-2029.420000000002,0.17307692307692307,0.6346153846153846,-2315.7627498438846
02,1min,30,40,150,169,-1392.1599999999962,-8.237633136094653,0.25443786982248523,0.7315029286346609,-1813.9099999999999,0.10059171597633136,0.7159763313609467,-2352.814414273064
02,1min,50,40,120,186,-1338.939999999995,-7.198602150537607,0.27419354838709675,0.759313752806485,-2089.579999999998,0.16129032258064516,0.6989247311827957,-2431.867249438697
02,1min,20,80,120,156,-1385.1000000000095,-8.878846153846215,0.4230769230769231,0.7876447284501777,-2125.2300000000105,0.20512820512820512,0.47435897435897434,-2490.186054309979
02,1min,30,50,200,169,-1326.1599999999962,-7.847100591715954,0.28994082840236685,0.7790705422947242,-2272.790000000001,0.07692307692307693,0.6686390532544378,-2506.740891541052
02,1min,80,50,200,198,-1297.550000000003,-6.553282828282843,0.2777777777777778,0.8197506751275235,-2462.1900000000023,0.08585858585858586,0.6868686868686869,-2564.6948649744995
02,1min,30,60,200,169,-1371.3400000000001,-8.114437869822487,0.3254437869822485,0.7947882248719053,-2322.3300000000017,0.08875739644970414,0.6153846153846154,-2573.54735502562
02,1min,50,40,100,186,-1517.319999999996,-8.15763440860213,0.2849462365591398,0.7230667584107354,-2036.4099999999962,0.1827956989247312,0.6881720430107527,-2590.9116483178473
02,1min,30,40,120,169,-1494.349999999995,-8.842307692307662,0.26627218934911245,0.7070482120207576,-2100.989999999998,0.14792899408284024,0.7041420118343196,-2603.4353575958426
02,1min,80,50,250,198,-1303.7900000000009,-6.584797979797984,0.2727272727272727,0.8201827700727106,-2628.7999999999993,0.03535353535353535,0.6919191919191919,-2654.1534459854583
02,1min,50,50,200,186,-1411.0400000000009,-7.58623655913979,0.2903225806451613,0.7870655415112332,-2429.230000000003,0.07526881720430108,0.6720430107526881,-2668.241891697756
02,1min,30,50,250,169,-1382.4099999999926,-8.179940828402323,0.28402366863905326,0.7716775894190252,-2489.399999999998,0.029585798816568046,0.6745562130177515,-2672.7744821161864
02,1min,30,60,250,169,-1420.3999999999978,-8.404733727810639,0.31952662721893493,0.7894006428884911,-2531.75,0.03550295857988166,0.621301775147929,-2728.3948714222997
02,1min,50,50,250,186,-1444.369999999999,-7.765430107526877,0.2849462365591398,0.7837329156834326,-2645.84,0.026881720430107527,0.6774193548387096,-2810.5434168633124
02,1min,80,40,150,198,-1629.2299999999996,-8.22843434343434,0.23737373737373738,0.7386964896608025,-2329.4300000000003,0.11616161616161616,0.7373737373737373,-2846.2057020678394
02,1min,30,50,150,169,-1612.3499999999985,-9.54053254437869,0.2958579881656805,0.7290459513598537,-2366.1600000000035,0.11834319526627218,0.6627218934911243,-2849.6208097280296
02,1min,50,60,200,186,-1576.2200000000048,-8.474301075268842,0.3225806451612903,0.787759070148224,-2528.770000000004,0.08602150537634409,0.6236559139784946,-2883.053185970362
02,1min,50,50,150,186,-1718.5299999999988,-9.239408602150531,0.2956989247311828,0.7386123042478372,-2420.340000000004,0.12365591397849462,0.6666666666666666,-2980.977539150433
02,1min,50,60,250,186,-1602.3600000000042,-8.614838709677443,0.3172043010752688,0.7860256177422622,-2738.1900000000023,0.03225806451612903,0.6290322580645161,-3014.249876451553
02,1min,30,60,150,169,-1747.5300000000025,-10.340414201183446,0.33136094674556216,0.7360449871309975,-2505.7000000000044,0.1301775147928994,0.6094674556213018,-3053.1710025738053
02,1min,30,50,100,169,-1833.1699999999946,-10.847159763313577,0.3136094674556213,0.6836438501787866,-2499.869999999999,0.20118343195266272,0.6449704142011834,-3146.3762299642367
02,1min,30,50,120,169,-1784.5399999999972,-10.559408284023652,0.3076923076923077,0.6947751187006557,-2691.2400000000016,0.16568047337278108,0.650887573964497,-3191.2049762598667
02,1min,80,40,120,198,-1896.5599999999977,-9.578585858585846,0.2474747474747475,0.6916668969811465,-2631.649999999998,0.15656565656565657,0.7272727272727273,-3274.0516206037673
02,1min,50,60,150,186,-1973.7100000000028,-10.61134408602152,0.3279569892473118,0.7319989245793362,-2593.8800000000047,0.13440860215053763,0.6182795698924731,-3324.250215084138
02,1min,80,50,150,198,-1938.630000000001,-9.791060606060611,0.2777777777777778,0.730694964604425,-2686.890000000003,0.13636363636363635,0.6868686868686869,-3335.9360070791176
02,1min,80,60,200,198,-1784.8500000000095,-9.014393939393987,0.30303030303030304,0.7815510809540582,-3041.2500000000036,0.09090909090909091,0.6464646464646465,-3349.1647838091994
02,1min,50,50,120,186,-1948.3399999999965,-10.474946236559122,0.3064516129032258,0.698895317928366,-2779.040000000001,0.17204301075268819,0.6559139784946236,-3398.080936414324
02,1min,30,60,100,169,-2039.6299999999974,-12.068816568047321,0.34911242603550297,0.6830195071613291,-2670.9300000000003,0.22485207100591717,0.591715976331361,-3438.4910985677316
02,1min,30,60,120,169,-1959.7200000000012,-11.595976331360953,0.3431952662721893,0.6983449702611841,-2866.7800000000025,0.17751479289940827,0.5976331360946746,-3453.4410059477655
02,1min,80,40,100,198,-2094.9399999999987,-10.580505050505044,0.25757575757575757,0.6546997614970143,-2628.029999999999,0.17676767676767677,0.7171717171717171,-3478.0150477005955
02,1min,30,80,200,169,-2069.040000000008,-12.242840236686439,0.3668639053254438,0.7329119904578223,-2738.7500000000073,0.08875739644970414,0.5207100591715976,-3491.8326019084475
02,1min,80,60,250,198,-1833.9000000000087,-9.262121212121256,0.29797979797979796,0.7772381859348722,-3250.670000000002,0.03535353535353535,0.6515151515151515,-3503.787362813035
02,1min,50,50,100,186,-2200.2599999999948,-11.82935483870965,0.3118279569892473,0.657207757406554,-2791.409999999996,0.1935483870967742,0.6505376344086021,-3664.523448518682
02,1min,30,80,250,169,-2138.100000000006,-12.651479289940863,0.3609467455621302,0.7268881264482039,-2968.1700000000055,0.03550295857988166,0.5266272189349113,-3676.8073747103676
02,1min,30,80,150,169,-2307.350000000013,-13.652958579881734,0.3727810650887574,0.6989625110572405,-2784.2400000000125,0.13609467455621302,0.514792899408284,-3759.677497788571
02,1min,50,80,200,186,-2220.7700000000114,-11.939623655914039,0.3655913978494624,0.7397238278741158,-3030.4400000000096,0.08602150537634409,0.521505376344086,-3788.045234425193
02,1min,50,60,120,186,-2243.5200000000004,-12.06193548387097,0.3387096774193548,0.6901455136066822,-2978.8200000000033,0.1827956989247312,0.6075268817204301,-3794.9008972786655
02,1min,80,50,120,198,-2305.959999999999,-11.646262626262622,0.2878787878787879,0.6749715278012696,-3123.1100000000006,0.17676767676767677,0.6767676767676768,-3932.5206944397455
02,1min,50,80,250,186,-2266.9100000000108,-12.18768817204307,0.3602150537634409,0.7368452212352388,-3259.860000000008,0.03225806451612903,0.5268817204301075,-3949.470955752967
02,1min,50,80,150,186,-2480.380000000012,-13.335376344086086,0.3709677419354839,0.7064764104724521,-2957.670000000013,0.13978494623655913,0.5161290322580645,-4017.9197179055277
02,1min,80,80,200,198,-2205.5800000000163,-11.139292929293012,0.35353535353535354,0.7628324445921184,-3539.1000000000095,0.09595959595959595,0.5353535353535354,-4022.5635110815974
02,1min,50,60,100,186,-2526.7199999999975,-13.584516129032245,0.34408602150537637,0.6480185441091252,-3037.869999999999,0.21505376344086022,0.6021505376344086,-4116.051291178172
02,1min,80,80,250,198,-2224.6300000000156,-11.235505050505129,0.3484848484848485,0.7628748399805138,-3768.5200000000077,0.04040404040404041,0.5404040404040404,-4156.315032003917
02,1min,30,80,120,169,-2499.130000000012,-14.787751479290012,0.38461538461538464,0.6668119872117908,-3210.2500000000146,0.1893491124260355,0.5029585798816568,-4170.892602557661
02,1min,80,60,150,198,-2475.9300000000076,-12.504696969697008,0.30303030303030304,0.6969693631770639,-3299.9500000000044,0.1414141414141414,0.6464646464646465,-4186.511127364597
02,1min,30,80,100,169,-2602.910000000007,-15.40183431952667,0.3905325443786982,0.649140141211485,-3074.0300000000097,0.24260355029585798,0.4970414201183432,-4210.096971757715
02,1min,80,50,100,198,-2617.8799999999974,-13.221616161616149,0.29292929292929293,0.6282814399145776,-3203.029999999999,0.19696969696969696,0.6717171717171717,-4293.7387120170815
02,1min,80,80,150,198,-2598.780000000017,-13.1251515151516,0.35858585858585856,0.7180654113241183,-3449.920000000013,0.15656565656565657,0.5303030303030303,-4380.1269177352
02,1min,50,80,120,186,-2691.880000000012,-14.472473118279634,0.3817204301075269,0.675143247457266,-3335.96000000001,0.1989247311827957,0.5053763440860215,-4424.831350508563
02,1min,50,80,100,186,-3018.950000000008,-16.230913978494666,0.3870967741935484,0.6320310176540272,-3406.790000000008,0.23655913978494625,0.5,-4795.938796469207
02,1min,80,60,120,198,-2870.6600000000035,-14.498282828282846,0.31313131313131315,0.6432438209620006,-3735.810000000005,0.18686868686868688,0.6363636363636364,-4809.9162358076055
02,1min,80,80,120,198,-2995.2000000000153,-15.127272727272805,0.3686868686868687,0.6691728326744831,-3905.7300000000105,0.21212121212121213,0.5202020202020202,-5014.2304334651235
02,1min,80,80,100,198,-3252.750000000011,-16.428030303030358,0.3787878787878788,0.6340977786576996,-3767.6400000000103,0.2474747474747475,0.51010101010101,-5209.750444268476
02,1min,80,60,100,198,-3224.34,-16.284545454545455,0.3181818181818182,0.5961781237788931,-3869.4900000000016,0.21212121212121213,0.6313131313131313,-5239.849375244223
