formula,setup,sl,tp,trades,total_pnl,avg_pnl,win_rate,pf,max_dd,tp_rate,stop_rate,score
03,5dir_1entry,60,200,331,675.6499999999978,2.0412386706948573,0.3595166163141994,1.0562769661330356,-2253.8499999999913,0.08761329305135952,0.5619335347432024,-440.0196067733907
03,5dir_1entry,80,200,331,501.2599999999875,1.5143806646525302,0.4078549848942598,1.0381360316494208,-2540.9299999999967,0.09063444108761329,0.44108761329305135,-761.5777936701267
03,5dir_1entry,60,250,331,436.7299999999959,1.3194259818730996,0.3564954682779456,1.0361896948905347,-2420.139999999992,0.030211480362537766,0.5649546827794562,-766.1020610218932
03,5dir_1entry,60,150,331,322.02999999999156,0.9729003021147782,0.3685800604229607,1.027024668202397,-2418.0799999999945,0.1661631419939577,0.5589123867069486,-881.6050663595263
03,5dir_1entry,80,150,331,243.87999999998283,0.7367975830815191,0.4169184290030212,1.018710560940897,-2493.1899999999987,0.18126888217522658,0.4380664652567976,-998.9728878118372
03,1min_only,50,250,331,311.81000000000495,0.942024169184305,0.28700906344410876,1.0262793273112514,-2700.349999999984,0.06042296072507553,0.676737160120846,-1033.1091345377367
03,5dir_1entry,80,250,331,221.94999999998618,0.6705438066464839,0.40483383685800606,1.0167813397852703,-2685.41,0.030211480362537766,0.44410876132930516,-1117.3987320429596
03,5dir_1entry,80,120,331,-191.65000000001965,-0.5790030211480957,0.4350453172205438,0.9848743501653033,-2631.2400000000016,0.2537764350453172,0.4259818731117825,-1510.2951299669598
03,5dir_1entry,50,200,331,-37.939999999991414,-0.11462235649544233,0.311178247734139,0.9966100604542205,-3150.509999999984,0.08157099697885196,0.6314199395770392,-1613.8729879091393
03,5dir_1entry,60,120,331,-300.4800000000141,-0.9077945619335774,0.38368580060422963,0.9741102777406794,-2666.4000000000015,0.229607250755287,0.5438066465256798,-1638.857944451879
03,5dir_1entry,50,250,331,-120.2899999999936,-0.3634138972809474,0.3081570996978852,0.989301792787938,-3098.029999999988,0.030211480362537766,0.6344410876132931,-1671.4446414423999
03,5dir_1entry,50,150,331,-369.1200000000026,-1.1151661631420018,0.3202416918429003,0.966782724352946,-3052.829999999991,0.14803625377643503,0.6283987915407855,-1902.1784551294088
03,5dir_1entry,60,100,331,-557.2200000000084,-1.6834441087613548,0.40483383685800606,0.9503329144048981,-2783.619999999999,0.283987915407855,0.525679758308157,-1958.9634171190282
03,5dir_1entry,80,100,331,-608.1900000000132,-1.8374320241692244,0.4561933534743202,0.9504863521795471,-2778.709999999999,0.3081570996978852,0.4169184290030212,-2007.4477295641034
03,1min_only,60,250,331,-412.0799999999981,-1.2449546827794504,0.31722054380664655,0.9689906147094414,-3223.449999999986,0.06042296072507553,0.6283987915407855,-2030.0068770581029
03,1min_only,50,200,331,-619.6999999999971,-1.8722054380664566,0.28700906344410876,0.9477717227324907,-3252.649999999987,0.09969788519637462,0.676737160120846,-2256.4706554534923
03,1min_only,50,120,331,-1040.7099999999919,-3.144138972809643,0.32326283987915405,0.9082513889550093,-2614.7199999999903,0.22658610271903323,0.6465256797583081,-2366.419722208985
03,5min_only,80,200,331,-1397.780000000006,-4.222900302114822,0.4078549848942598,0.8908876027870969,-2032.640000000014,0.05740181268882175,0.41389728096676737,-2435.9224794425936
03,5dir_1entry,50,120,331,-939.1000000000095,-2.83716012084595,0.33534743202416917,0.9134652686207235,-3266.75,0.20241691842900303,0.6132930513595166,-2589.781946275865
03,5min_only,80,150,331,-1636.390000000003,-4.943776435045327,0.41389728096676737,0.8711722031309658,-2011.3000000000102,0.1148036253776435,0.4108761329305136,-2667.805559373815
03,1min_only,40,250,331,-966.3500000000058,-2.9194864048338545,0.23564954682779457,0.9073191363660771,-3666.9099999999926,0.045317220543806644,0.743202416918429,-2818.3411727267867
03,1min_only,50,100,331,-1379.3499999999985,-4.167220543806642,0.338368580060423,0.8760089135869279,-2849.079999999998,0.27794561933534745,0.6344410876132931,-2828.688217282612
03,5min_only,60,200,331,-1777.340000000011,-5.369607250755321,0.3595166163141994,0.8489887923028745,-2088.720000000012,0.045317220543806644,0.5317220543806647,-2851.902241539442
03,30dir_5entry,50,200,271,-1656.6800000000148,-6.1132103321033755,0.3210332103321033,0.7811631897431951,-2377.7999999999956,0.025830258302583026,0.4833948339483395,-2889.3473620513737
03,5min_only,60,150,331,-1835.950000000008,-5.546676737160145,0.36555891238670696,0.8428297241398196,-2147.330000000009,0.1027190332326284,0.5287009063444109,-2941.0490551720486
03,30dir_5entry,50,150,271,-1801.7500000000146,-6.6485239852399065,0.3247232472324723,0.7611703481405271,-2320.6500000000124,0.055350553505535055,0.4833948339483395,-3009.8409303719154
03,30dir_5entry,60,200,271,-1735.3400000000038,-6.4034686346863605,0.34317343173431736,0.7850607471484322,-2479.94999999999,0.02952029520295203,0.4095940959409594,-3018.3028505703123
03,5min_only,80,120,331,-1910.5199999999968,-5.771963746223555,0.4169184290030212,0.8495327728445138,-2206.9699999999975,0.20241691842900303,0.4108761329305136,-3044.098445431093
03,30dir_5entry,50,120,271,-1818.7200000000194,-6.711143911439186,0.33210332103321033,0.7555510155804753,-2362.530000000017,0.0996309963099631,0.47601476014760147,-3048.874796883933
03,30dir_5entry,80,200,271,-1841.380000000012,-6.7947601476015205,0.3763837638376384,0.7905597304794963,-2337.9400000000023,0.033210332103321034,0.2988929889298893,-3052.2380539041137
03,5min_only,80,250,331,-1974.9600000000028,-5.966646525679766,0.40483383685800606,0.8468127882498759,-2347.8899999999994,0.015105740181268883,0.4169184290030212,-3179.542442350027
03,5dir_1entry,50,100,331,-1404.5700000000033,-4.243413897280977,0.3504531722054381,0.867857908937986,-3510.569999999996,0.24471299093655588,0.6012084592145015,-3186.2834182124043
03,30dir_5entry,60,150,271,-1938.770000000004,-7.154132841328428,0.34686346863468637,0.7590787989044796,-2437.670000000002,0.06273062730627306,0.4095940959409594,-3205.789240219109
03,1min_only,60,200,331,-1336.8499999999985,-4.038821752265856,0.31722054380664655,0.8994008524420418,-3769.0099999999875,0.1027190332326284,0.6283987915407855,-3241.4748295115837
03,1min_only,60,120,331,-1665.3099999999904,-5.0311480362537475,0.35347432024169184,0.8690636530966389,-3106.819999999989,0.24471299093655588,0.6012084592145015,-3244.907269380657
03,30dir_5entry,60,120,271,-1995.7400000000089,-7.3643542435424685,0.35424354243542433,0.748118213072297,-2519.5500000000065,0.1070110701107011,0.4022140221402214,-3305.891357385553
03,5min_only,60,250,331,-2077.0200000000114,-6.274984894259853,0.3595166163141994,0.8235265629473913,-2388.4000000000124,0.012084592145015106,0.5317220543806647,-3306.5146874105394
03,5dir_1entry,40,250,331,-1361.5700000000033,-4.113504531722064,0.24471299093655588,0.8676602089335212,-3877.260000000002,0.027190332326283987,0.7311178247734139,-3326.6679582133
03,1min_only,50,150,331,-1538.8499999999913,-4.649093655589097,0.2930513595166163,0.8691589818063099,-3531.1299999999865,0.15709969788519637,0.6706948640483383,-3330.5832036387224
03,30dir_5entry,50,250,271,-2039.4100000000144,-7.525498154981603,0.3173431734317343,0.7324448106171407,-2595.2000000000116,0.0036900369003690036,0.4870848708487085,-3390.521037876592
03,30dir_5entry,80,150,271,-2080.3700000000135,-7.6766420664207144,0.3800738007380074,0.7626665601898316,-2539.2700000000114,0.07011070110701106,0.2988929889298893,-3397.471687962053
03,5min_only,60,120,331,-2149.1100000000006,-6.492779456193356,0.36555891238670696,0.8160210182445758,-2465.5600000000013,0.18126888217522658,0.5287009063444109,-3418.685796351086
03,30dir_5entry,40,200,271,-1985.1000000000058,-7.3250922509225305,0.2693726937269373,0.7196427991373618,-2827.769999999997,0.025830258302583026,0.5904059040590406,-3455.056440172532
03,1min_only,80,250,331,-1543.9900000000016,-4.664622356495473,0.36253776435045315,0.9011872960854811,-3845.049999999992,0.0634441087613293,0.540785498489426,-3486.2775407829013
03,30dir_5entry,80,120,271,-2135.8200000000143,-7.881254612546178,0.3874538745387454,0.7539009298627659,-2619.630000000012,0.11808118081180811,0.2952029520295203,-3494.854814027467
03,30dir_5entry,50,100,271,-2148.420000000013,-7.927749077490822,0.33579335793357934,0.7092045565288938,-2628.3300000000127,0.13284132841328414,0.47232472324723246,-3520.7440886942404
03,5min_only,80,100,331,-2230.839999999993,-6.739697885196353,0.42900302114803623,0.8222455243455844,-2546.949999999997,0.26586102719033233,0.4078549848942598,-3539.8658951308744
03,30dir_5entry,60,100,271,-2195.4400000000023,-8.101254612546134,0.36162361623616235,0.7185087930742678,-2655.350000000002,0.14391143911439114,0.3948339483394834,-3579.41324138515
03,1min_only,40,200,331,-1585.5100000000057,-4.790060422960742,0.23564954682779457,0.8479366315514868,-4006.8599999999933,0.07250755287009064,0.743202416918429,-3619.352673689705
03,1min_only,60,100,331,-1918.949999999997,-5.797432024169176,0.3685800604229607,0.845991171749599,-3339.239999999998,0.3021148036253776,0.5891238670694864,-3619.371765650076
03,5dir_1entry,40,200,331,-1602.310000000005,-4.840815709969803,0.24471299093655588,0.8442611319111543,-4018.4399999999987,0.06646525679758308,0.7311178247734139,-3642.6777736177733
03,5min_only,50,150,331,-2313.150000000005,-6.988368580060438,0.32326283987915405,0.7897988633699422,-2584.4200000000055,0.09063444108761329,0.6163141993957704,-3647.4002273260194
03,30dir_5entry,80,100,271,-2277.2200000000084,-8.403025830258334,0.3985239852398524,0.7331716347956497,-2697.1300000000083,0.15867158671586715,0.2915129151291513,-3679.150673040883
03,30dir_5entry,40,120,271,-2231.6800000000076,-8.234981549815526,0.28044280442804426,0.6791078148163583,-2795.4900000000052,0.08487084870848709,0.5793357933579336,-3693.6034370367383
03,5dir_1entry,40,150,331,-1745.7700000000114,-5.274229607250789,0.2537764350453172,0.8289049552555924,-3906.0499999999993,0.12084592145015106,0.7250755287009063,-3733.0140089488923
03,30dir_5entry,60,250,271,-2274.730000000003,-8.393837638376395,0.33948339483394835,0.7203990348626962,-2810.5200000000004,0.0036900369003690036,0.4132841328413284,-3735.910193027464
03,5min_only,50,200,331,-2402.9000000000087,-7.259516616314226,0.31722054380664655,0.7831859724599528,-2674.170000000009,0.03625377643504532,0.6193353474320241,-3783.3478055080227
03,30dir_5entry,80,250,271,-2339.810000000012,-8.633985239852443,0.3726937269372694,0.7360009928973975,-2862.530000000006,0.007380073800738007,0.2988929889298893,-3823.8748014205357
03,1min_only,40,120,331,-2028.3400000000001,-6.127915407854985,0.2598187311178248,0.8006051621630125,-3551.7899999999972,0.17522658610271905,0.7250755287009063,-3844.1139675673962
03,30dir_5entry,40,100,271,-2355.1200000000026,-8.690479704797058,0.2878228782287823,0.6572182091546455,-2855.0300000000025,0.11439114391143912,0.5719557195571956,-3851.1913581690746
03,30dir_5entry,40,250,271,-2357.8300000000054,-8.700479704797068,0.2656826568265683,0.6689654494630474,-2933.6200000000026,0.0036900369003690036,0.5940959409594095,-3890.8469101073974
03,1min_only,40,100,331,-2083.9100000000035,-6.295800604229618,0.27492447129909364,0.7908241722944486,-3547.0800000000017,0.22054380664652568,0.7099697885196374,-3899.2851655411146
03,5min_only,60,100,331,-2479.3399999999965,-7.490453172205427,0.37462235649546827,0.7854212013553223,-2843.470000000001,0.23867069486404835,0.5226586102719033,-3943.9907597289325
03,30dir_5entry,40,150,271,-2414.140000000003,-8.908265682656838,0.2693726937269373,0.659049149720151,-2953.040000000001,0.04428044280442804,0.5904059040590406,-3958.850170055973
03,5min_only,50,120,331,-2560.630000000001,-7.736042296072511,0.32326283987915405,0.7673097998447901,-2872.329999999998,0.16012084592145015,0.6163141993957704,-4043.333040031042
03,1min_only,40,150,331,-2108.0,-6.3685800604229605,0.24169184290030213,0.7961835662848171,-3969.719999999994,0.12386706948640483,0.7371601208459214,-4133.6232867430335
03,5min_only,50,250,331,-2655.920000000009,-8.023927492447157,0.31722054380664655,0.7603559398958916,-2927.1900000000096,0.006042296072507553,0.6193353474320241,-4167.443812020836
03,1min_only,60,150,331,-2207.3399999999892,-6.6687009063443785,0.32326283987915405,0.8323311720273949,-3998.8299999999836,0.1661631419939577,0.622356495468278,-4240.288765594502
03,5dir_1entry,40,120,331,-2371.9400000000096,-7.165981873111812,0.2628398791540785,0.7646303501559405,-4064.540000000001,0.15709969788519637,0.716012084592145,-4451.283929968822
03,1min_only,80,120,331,-2541.16,-7.677220543806646,0.40181268882175225,0.8284746545240759,-3825.4900000000016,0.2688821752265861,0.513595166163142,-4488.210069095186
03,1min_only,80,100,331,-2659.390000000003,-8.03441087613294,0.4199395770392749,0.815250857960624,-3865.5000000000036,0.33534743202416917,0.4984894259818731,-4629.08982840788
03,1min_only,80,200,331,-2518.760000000002,-7.609546827794568,0.36253776435045315,0.8388036929567332,-4416.169999999995,0.10574018126888217,0.540785498489426,-4759.084261408652
03,5min_only,50,100,331,-3159.099999999995,-9.544108761329289,0.32628398791540786,0.7115625165487941,-3532.0599999999977,0.20241691842900303,0.6132930513595166,-4982.817496690235
03,5dir_1entry,40,100,331,-2816.1200000000026,-8.507915407854993,0.27492447129909364,0.7158164228100077,-4371.689999999999,0.18731117824773413,0.7039274924471299,-5058.801715438
03,5min_only,40,200,331,-3375.2899999999936,-10.197250755286989,0.24169184290030213,0.6699002255243494,-3704.259999999991,0.03323262839879154,0.7250755287009063,-5293.43995489512
03,5min_only,40,150,331,-3551.03999999999,-10.72821752265858,0.24471299093655588,0.6512796742825837,-3885.3799999999865,0.06646525679758308,0.7220543806646526,-5563.474065143467
03,1min_only,80,150,331,-3255.189999999995,-9.834410876132916,0.3685800604229607,0.7894637103189749,-4627.789999999994,0.18429003021148035,0.5347432024169184,-5611.192257936197
03,5min_only,40,250,331,-3625.6699999999946,-10.953685800604214,0.24169184290030213,0.6454133276479553,-3954.639999999992,0.006042296072507553,0.7250755287009063,-5673.907334470399
03,5min_only,40,120,331,-3664.119999999988,-11.069848942598151,0.24773413897280966,0.6386847134323245,-4045.819999999985,0.11782477341389729,0.7190332326283988,-5759.293057313515
03,5min_only,40,100,331,-4050.5199999999822,-12.237220543806593,0.25075528700906347,0.5989210877051937,-4493.479999999985,0.15709969788519637,0.716012084592145,-6377.475782458936
